"airport","year","flyway","fighter_wing_dummy","ws_intervention_date","ws_intervention_year","staff_years","number_of_mgmt_tasks","total_mgmt_work_hours","itinerant_air_carrier","itinerant_air_taxi","itinerant_general_aviation","itinerent_military","itinerant_total","local_civil","local_military","local_total","total_operations","civ_strike","civ_disruptive_strike","civ_damage_strike","civ_species_order_reported","civ_species_reported","civ_aos_hours","civ_reported_cost","civ_strike_aoa","civ_disruptive_strike_aoa","civ_damage_strike_aoa","civ_species_order_reported_aoa","civ_species_reported_aoa","civ_aos_hours_aoa","civ_reported_cost_aoa","mil_strike","mil_disruptive_strike","mil_damage_strike","mil_species_order_reported","mil_species_reported","mil_reported_cost","mil_strike_aoa","mil_disruptive_strike_aoa","mil_damage_strike_aoa","mil_species_order_reported_aoa","mil_species_reported_aoa","mil_reported_cost_aoa","all_perc_damage","all_perc_damage_aoa","civ_perc_damage","civ_perc_damage_aoa","mil_perc_damage","mil_perc_damage_aoa"
"BAF",2005,"Atlantic",1,Oct 2008,2008,0.001,0,0,24,658,23591,4516,28789,28276,3776,32052,60841,0,0,0,0,0,0,0,0,0,0,0,0,0,0,0,0,0,0,0,0,0,0,0,0,0,0,0,0,0,0,0,0
"BAF",2006,"Atlantic",1,Oct 2008,2008,0,0,0,0,588,25218,4125,29931,34015,4216,38231,68162,0,0,0,0,0,0,0,0,0,0,0,0,0,0,0,0,0,0,0,0,0,0,0,0,0,0,0,0,0,0,0,0
"BAF",2007,"Atlantic",1,Oct 2008,2008,0.001,0,0,2,536,24872,3576,28986,31203,2921,34124,63110,1,0,0,1,0,0,0,1,0,0,1,0,0,0,3,2,2,3,3,30893.7027077033,0,0,0,0,0,0,14.6791498248809,15.5549404926654,15.5549404926654,15.5549404926654,14.387219602286,0
"BAF",2008,"Atlantic",1,Oct 2008,2008,0.013,25,159.5,8,727,29694,2987,33416,23938,1805,25743,59159,2,0,0,2,2,0,0,2,0,0,2,2,0,0,4,2,2,4,4,62387.6733101026,1,0,0,1,1,0,0.553271115900095,0.645303882899627,0.714791267387416,0.714791267387416,0.472511040156434,0.506329113924051
"BAF",2009,"Atlantic",1,Oct 2008,2008,0.172,71,377,6,740,29668,4119,34533,22740,2293,25033,59566,2,1,0,2,2,0,0,1,1,0,1,1,0,0,4,1,0,4,3,0,2,1,0,2,2,0,0.838780410657402,0.744420091935831,1.46377111913813,0.978179082016554,0.526285056417038,0.62754059689547
"BAF",2010,"Atlantic",1,Oct 2008,2008,0.006,34,199,9,623,29783,4339,34754,24339,2891,27230,61984,1,0,0,1,1,0,0,1,0,0,1,1,0,0,5,1,1,5,5,119304.283770487,2,1,1,2,2,119304.283770487,7.77843934096974,14.20201770767,0.579523502897617,0.579523502897617,9.21822250858416,21.0132648100563
"BAF",2011,"Atlantic",1,Oct 2008,2008,0.1,37,198.516666666667,5,712,23551,3223,27491,22200,2009,24209,51700,3,0,0,3,3,0,0,3,0,0,3,3,0,0,3,1,1,3,3,923771.171946176,1,1,1,1,1,923771.171946176,0.824940031636949,0.683216147673288,0.417127703070557,0.417127703070557,1.23275236020334,1.48148148148148
"BAF",2012,"Atlantic",1,Oct 2008,2008,0.17,40,423.75,8,663,25065,3681,29417,19626,2624,22250,51667,2,0,0,2,2,0,0,2,0,0,2,2,0,0,4,0,0,4,4,0,3,0,0,3,3,0,1.90795541314202,2.20912734139002,4.76332468258897,4.76332468258897,0.480270778418547,0.506329113924051
"BAF",2013,"Atlantic",1,Oct 2008,2008,0.113,40,429.5,5,744,21506,3191,25446,16333,2362,18695,44141,0,0,0,0,0,0,0,0,0,0,0,0,0,0,5,1,1,5,5,67029.317020128,4,1,1,4,4,67029.317020128,4.77821313578121,5.82788554400211,0,0,4.77821313578121,5.82788554400211
"BAF",2014,"Atlantic",1,Oct 2008,2008,0.118,31,289,22,770,20286,4620,25698,13342,3284,16626,42324,4,0,0,4,4,0,0,3,0,0,3,3,0,0,10,2,2,7,6,225691.782792464,7,1,1,4,4,18215.836617423,0,0,0.783891454965893,0.911156682653846,0,0
"BAF",2015,"Atlantic",1,Oct 2008,2008,0.085,29,393,22,834,17993,4350,23199,9569,3395,12964,36163,4,0,0,3,3,0,0,4,0,0,3,3,0,0,4,2,2,3,3,3137.08347663419,0,0,0,0,0,0,0,1.55735358268903,1.55735358268903,1.55735358268903,0,0
"BAF",2016,"Atlantic",1,Oct 2008,2008,0.105,31,176.5,18,739,20080,3769,24606,13958,2634,16592,41198,3,0,0,3,3,0,0,3,0,0,3,3,0,0,4,0,0,3,3,0,3,0,0,2,2,0,0,0,1.06717265334632,1.06717265334632,0,0
"BAF",2017,"Atlantic",1,Oct 2008,2008,0.105,42,235,25,559,18742,3714,23040,14925,2772,17697,40737,6,0,0,6,6,0,0,6,0,0,6,6,0,0,1,0,0,1,1,0,1,0,0,1,1,0,2.8552429731818,2.8552429731818,3.31572745147603,3.31572745147603,0.0923361034164358,0.0923361034164358
"BAF",2018,"Atlantic",1,Oct 2008,2008,0.187,79,384.75,23,812,19121,3402,23358,15834,1823,17657,41015,3,0,0,3,3,0,0,3,0,0,3,3,0,0,2,1,1,1,1,112448.313748561,1,1,1,0,0,112448.313748561,0,0,0.880176162425572,0.880176162425572,0,0
"BAF",2019,"Atlantic",1,Oct 2008,2008,0.4315,134,679.333333333333,10,1014,19289,3526,23839,17260,1682,18942,42781,6,0,0,6,6,0,0,5,0,0,5,5,0,0,7,1,1,7,7,112038.421073521,5,0,0,5,5,0,0.794117516709883,0.584091462702045,0.942947129042593,0.632576055890612,0.66654927756756,0.535606869513477
"BAF",2020,"Atlantic",1,Oct 2008,2008,0.6124,183,1280,8,698,18650,3457,22813,21206,1905,23111,45924,1,0,0,0,0,0,0,0,0,0,0,0,0,0,1,0,0,1,1,0,1,0,0,1,1,0,1.76350122101132,0.812347684809098,2.71465475721354,0,0.812347684809098,0.812347684809098
"BAF",2021,"Atlantic",1,Oct 2008,2008,0.6849,149,1121.1,23,1132,19767,3669,24591,22055,1909,23964,48555,7,1,0,6,6,0,0,7,1,0,6,6,0,0,0,0,0,0,0,0,0,0,0,0,0,0,0.792442007590418,0.792442007590418,0.792442007590418,0.792442007590418,0,0
"BHM",2005,"Mississippi",0,Jun 2008,2008,0.04,0,0,36571,40731,61186,4804,143292,3908,1662,5570,148862,24,6,2,10,6,1,344122.892584153,8,4,1,5,4,1,156.048526722452,0,0,0,0,0,0,0,0,0,0,0,0,7.3638978812154,3.90714040758661,7.3638978812154,3.90714040758661,0,0
"BHM",2006,"Mississippi",0,Jun 2008,2008,0.005,0,0,31885,38555,61386,4752,136578,3103,796,3899,140477,27,4,1,3,3,1,453.532359458259,9,0,0,2,2,0,0,0,0,0,0,0,0,0,0,0,0,0,0,5.34190646912014,4.55814473302867,5.34190646912014,4.55814473302867,0,0
"BHM",2007,"Mississippi",0,Jun 2008,2008,0.266,55,267.883333333333,34513,40229,57037,3806,135585,2753,299,3052,138637,32,8,4,13,10,32,1331006.87576667,19,5,2,9,8,1,1322630.2177211,1,0,0,1,1,0,0,0,0,0,0,0,6.61805234187238,4.94439515494732,6.79429838124287,4.94439515494732,0.978179082016554,0
"BHM",2008,"Mississippi",0,Jun 2008,2008,0.49,220,599.516666666667,37600,35102,47878,4731,125311,767,180,947,126258,20,1,0,5,3,1,0,7,0,0,2,2,0,0,1,0,0,0,0,0,0,0,0,0,0,0,0,2.49600001408387,3.4001482413834,2.49600001408387,0,0
"BHM",2009,"Mississippi",0,Jun 2008,2008,0.802,356,714.166666666667,30975,32282,38649,4546,106452,333,101,434,106886,42,6,0,7,4,6,0,15,2,0,6,4,2,0,5,0,0,1,1,0,4,0,0,1,1,0,0,0,5.56345267342334,4.15426097596618,0,0
"BHM",2010,"Mississippi",0,Jun 2008,2008,0.614,378,1248.63333333333,29475,33643,41163,5081,109362,389,164,553,109915,23,8,4,7,4,8,4471.25583324228,9,4,2,4,2,6,4471.25583324228,8,1,0,4,3,0,1,0,0,0,0,0,0,0,6.48912920445103,4.81247118651877,0,0
"BHM",2011,"Mississippi",0,Jun 2008,2008,1.082,342,1022.51666666667,31566,27128,41336,4955,104985,430,209,639,105624,11,3,1,1,1,1,609.63012385652,1,0,0,0,0,0,0,9,0,0,2,2,0,2,0,0,1,1,0,0,0,4.49756965760037,2.71465475721354,0,0
"BHM",2012,"Mississippi",0,Jun 2008,2008,0.88,177,552,30529,25946,40066,5749,102290,618,190,808,103098,48,13,2,40,34,62,1722.72879178845,20,5,0,16,12,6,793.676284660626,30,4,2,27,24,27887.5018282426,5,0,0,3,3,0,0,0,4.52151542279419,3.94064458163496,0,0
"BHM",2013,"Mississippi",0,Jun 2008,2008,0.593,419,1744.83333333333,25800,25013,38930,5687,95430,527,124,651,96081,48,5,2,45,40,63,0,7,0,0,6,6,0,0,12,0,0,12,8,0,1,0,0,1,1,0,4.15916493414021,2.79121252569904,3.94001845399594,2.09105607332638,5.03575085471726,7.69230769230769
"BHM",2014,"Mississippi",0,Jun 2008,2008,0.65,278,548,24115,24666,38479,5658,92918,1350,266,1616,94534,28,5,0,2,1,4,707.98601791977,8,1,0,2,1,1,514.898922123469,5,2,0,5,5,0,3,2,0,3,3,0,3.69315554670349,4.2948389818179,4.24483532254618,5.52806059875932,0.603748801984468,1.00624800330745
"BHM",2015,"Mississippi",0,Jun 2008,2008,0.75,165,410.516666666667,25292,24115,38914,5718,94039,844,147,991,95030,12,2,0,1,1,4,6428.44974720121,4,1,0,1,1,3,6428.44974720121,7,0,0,6,3,0,5,0,0,4,3,0,0,0,3.59391037489131,2.52333185697508,0,0
"BHM",2016,"Mississippi",0,Jun 2008,2008,0.75,201,862,26029,23934,37707,6139,93809,443,149,592,94401,21,6,0,2,1,135,482.447787722973,8,2,0,1,1,3,0,9,0,0,9,6,0,4,0,0,4,3,0,4.6727466988675,2.28541633095282,6.41007733531902,3.03275755278649,0.618975213813967,0.790733887285489
"BHM",2017,"Mississippi",0,Jun 2008,2008,0.75,176,754.5,29579,20833,36765,6536,93713,1752,588,2340,96053,20,2,0,3,2,0,372.93102528808,4,1,0,2,2,0,0,6,0,0,6,4,0,2,0,0,2,1,0,4.0332396317409,3.58154275996771,4.52403882513011,2.62102355588228,2.39724232044354,5.50258116813857
"BHM",2018,"Mississippi",0,Jun 2008,2008,1.15,178,759.516666666667,32783,20380,37493,8534,99190,1255,757,2012,101202,21,1,0,5,5,1,0,10,1,0,4,4,1,0,9,4,4,9,8,931.972556320631,8,4,4,8,7,931.972556320631,4.00593825885664,4.37901585395982,3.28137906351629,3.00479004342221,5.69657638131747,6.09679811713184
"BHM",2019,"Mississippi",0,Jun 2008,2008,1,200,820,33994,20366,38096,9180,101636,2354,857,3211,104847,21,3,1,1,1,8,0,4,0,0,0,0,0,0,7,0,0,7,7,0,0,0,0,0,0,0,3.73662112959153,4.40617664793739,4.5077482844505,4.40617664793739,1.4232396650146,0
"BHM",2020,"Mississippi",0,Jun 2008,2008,1,185,672.516666666667,21162,13429,29452,6202,70245,3766,675,4441,74686,30,2,1,12,12,5,588.584220692714,18,1,0,12,12,0,0,6,2,2,6,6,491656.171229038,3,1,1,3,3,358749.145522858,6.00924696373375,6.53069428044014,6.13354398399996,7.15762726752909,5.38776186240272,2.76909635790643
"BHM",2021,"Mississippi",0,Jun 2008,2008,1,96,490,27917,16499,38260,7150,89826,2573,343,2916,92742,70,5,3,36,32,393.3,112.451255192156,46,1,0,34,30,0.3,0,4,0,0,4,4,0,0,0,0,0,0,0,2.45838827157755,1.86616120688728,2.45759600028315,1.86616120688728,2.47225301922964,0
"BTL",2005,"Mississippi",0,NA,NA,NA,NA,NA,38,962,46343,3391,50734,39475,866,40341,91075,0,0,0,0,0,0,0,0,0,0,0,0,0,0,0,0,0,0,0,0,0,0,0,0,0,0,0,0,0,0,0,0
"BTL",2006,"Mississippi",0,NA,NA,NA,NA,NA,34,1062,49511,2957,53564,44496,550,45046,98610,0,0,0,0,0,0,0,0,0,0,0,0,0,0,0,0,0,0,0,0,0,0,0,0,0,0,0,0,0,0,0,0
"BTL",2007,"Mississippi",0,NA,NA,NA,NA,NA,35,789,46379,2738,49941,54733,492,55225,105166,1,0,0,0,0,0,0,1,0,0,0,0,0,0,10,0,0,7,6,0,0,0,0,0,0,0,0,2.71465475721354,2.71465475721354,2.71465475721354,0,0
"BTL",2008,"Mississippi",0,NA,NA,NA,NA,NA,22,826,42448,2265,45561,58932,974,59906,105467,1,0,0,0,0,0,0,0,0,0,0,0,0,0,8,0,0,4,4,0,3,0,0,1,1,0,0,0,2.71465475721354,0,0,0
"BTL",2009,"Mississippi",0,NA,NA,NA,NA,NA,16,429,38227,782,39454,52372,723,53095,92549,0,0,0,0,0,0,0,0,0,0,0,0,0,0,0,0,0,0,0,0,0,0,0,0,0,0,0,0,0,0,0,0
"BTL",2010,"Mississippi",0,NA,NA,NA,NA,NA,27,585,36525,1151,38288,47246,757,48003,86291,2,0,0,2,2,0,0,2,0,0,2,2,0,0,1,1,1,1,1,181538.575899428,1,1,1,1,1,181538.575899428,1.86229287804332,1.86229287804332,1.39971109406846,1.39971109406846,2.78745644599303,2.78745644599303
"BTL",2011,"Mississippi",0,NA,NA,NA,NA,NA,6,486,28469,1312,30273,38675,710,39385,69658,6,0,0,4,4,0,0,4,0,0,4,4,0,0,3,0,0,3,2,0,0,0,0,0,0,0,3.20732425287602,1.43206950417635,3.36976400387574,1.43206950417635,2.8824447508766,0
"BTL",2012,"Mississippi",0,NA,NA,NA,NA,NA,12,679,30929,1288,32908,47538,891,48429,81337,4,1,0,3,3,0,0,2,0,0,1,1,0,0,10,0,0,10,10,0,4,0,0,4,4,0,1.33775439905738,2.08183048056738,2.69255257819227,5.38510515638455,0.795835127403422,0.430193142658796
"BTL",2013,"Mississippi",0,NA,NA,NA,NA,NA,7,797,29968,671,31443,50163,709,50872,82315,3,1,0,3,1,0,0,3,1,0,3,1,0,0,1,1,0,1,1,0,0,0,0,0,0,0,0.894767526788219,1.02424699774294,1.02424699774294,1.02424699774294,0.506329113924051,0
"BTL",2014,"Mississippi",0,NA,NA,NA,NA,NA,69,972,28938,504,30483,46323,1121,47444,77927,7,1,0,7,6,0,0,5,0,0,5,4,0,0,0,0,0,0,0,0,0,0,0,0,0,0,2.11029471175591,2.85314677367346,2.11029471175591,2.85314677367346,0,0
"BTL",2015,"Mississippi",0,NA,NA,NA,NA,NA,14,1120,30131,623,31888,45305,2056,47361,79249,2,0,0,2,2,0,0,2,0,0,2,2,0,0,0,0,0,0,0,0,0,0,0,0,0,0,0.721727194213388,0.721727194213388,0.721727194213388,0.721727194213388,0,0
"BTL",2016,"Mississippi",0,NA,NA,NA,NA,NA,25,1192,32141,842,34200,44811,2122,46933,81133,9,0,0,6,4,0,0,7,0,0,6,4,0,0,0,0,0,0,0,0,0,0,0,0,0,0,3.04970654892684,2.82324098642134,3.04970654892684,2.82324098642134,0,0
"BTL",2017,"Mississippi",0,NA,NA,NA,NA,NA,44,1551,33890,701,36186,46498,1364,47862,84048,3,0,0,1,1,0,0,1,0,0,1,1,0,0,0,0,0,0,0,0,0,0,0,0,0,0,2.05935386476465,0.748752079866889,2.05935386476465,0.748752079866889,0,0
"BTL",2018,"Mississippi",0,NA,NA,NA,NA,NA,25,1245,32715,508,34493,47419,1136,48555,83048,7,1,1,2,2,0,0,2,0,0,2,2,0,0,0,0,0,0,0,0,0,0,0,0,0,0,2.50608946063417,0.856994958703186,2.50608946063417,0.856994958703186,0,0
"BTL",2019,"Mississippi",0,NA,NA,NA,NA,NA,34,1095,34070,418,35617,48967,733,49700,85317,3,2,0,2,2,0,0,3,2,0,2,2,0,0,0,0,0,0,0,0,0,0,0,0,0,0,4.66369974087825,4.66369974087825,4.66369974087825,4.66369974087825,0,0
"BTL",2020,"Mississippi",0,NA,NA,NA,NA,NA,11,934,31463,197,32605,40697,528,41225,73830,4,0,0,4,3,0,0,4,0,0,4,3,0,0,0,0,0,0,0,0,0,0,0,0,0,0,3.89228061069484,3.89228061069484,3.89228061069484,3.89228061069484,0,0
"BTL",2021,"Mississippi",0,NA,NA,NA,NA,NA,28,33925,8436,334,42723,51306,630,51936,94659,9,3,0,5,4,6500,0,4,2,0,3,3,6500,0,0,0,0,0,0,0,0,0,0,0,0,0,4.81301852036151,1.03235218924092,4.81301852036151,1.03235218924092,0,0
"BTV",2005,"Atlantic",0,Feb 2013,2013,0.002,0,0,7774,36213,25060,6291,75338,24828,5177,30005,105343,9,1,0,5,5,1,0,8,0,0,5,5,0,0,0,0,0,0,0,0,0,0,0,0,0,0,2.88993862777269,2.91184911159258,2.88993862777269,2.91184911159258,0,0
"BTV",2006,"Atlantic",0,Feb 2013,2013,0.002,0,0,10198,31007,24356,4994,70555,23120,4643,27763,98318,4,0,0,2,2,0,0,4,0,0,2,2,0,0,0,0,0,0,0,0,0,0,0,0,0,0,12.8230313023275,12.8230313023275,12.8230313023275,12.8230313023275,0,0
"BTV",2007,"Atlantic",0,Feb 2013,2013,0.002,0,0,9748,29480,23214,4991,67433,21933,4682,26615,94048,14,0,0,12,7,0,0,13,0,0,12,7,0,0,3,1,0,3,3,0,3,1,0,3,3,0,3.40003432131167,3.44287054406781,3.88080652752939,3.97051050986138,1.15643069229567,1.15643069229567
"BTV",2008,"Atlantic",0,Feb 2013,2013,0.019,0,0,12790,24181,21577,5263,63811,23938,4324,28262,92073,13,0,0,10,9,0,0,12,0,0,10,9,0,0,5,4,0,5,3,0,4,4,0,4,2,0,6.87600779875488,6.94640188102345,7.24615517542469,6.86869716926546,5.91362461941339,7.17951601629744
"BTV",2009,"Atlantic",0,Feb 2013,2013,0.5,12,92,12347,18806,17052,4250,52455,15820,4378,20198,72653,20,2,0,14,14,3,1420.13481339784,16,1,0,12,12,2,1420.13481339784,3,0,0,3,3,0,2,0,0,2,2,0,2.22542208834377,1.92814396833068,2.36920156285398,1.93161966594532,1.2668922582757,1.90033838741355
"BTV",2010,"Atlantic",0,Feb 2013,2013,0.5,48,293.016666666667,11257,18281,18464,2666,50668,17642,2110,19752,70420,12,0,0,6,6,0,0,8,0,0,5,5,0,0,4,1,1,4,4,22463.8687596988,1,1,1,1,1,22463.8687596988,3.57055955802983,4.12466860120417,3.88768566339699,4.39658178182223,2.61918124192835,1.94936315625971
"BTV",2011,"Atlantic",0,Feb 2013,2013,0.5,20,94,13036,16130,19014,3708,51888,23548,2182,25730,77618,19,4,0,16,13,14,2957.38346750841,14,2,0,12,10,0,270.946721714009,6,0,0,6,5,0,1,0,0,1,0,0,4.25616533464147,2.70945637006936,4.43452134409698,2.41094579983195,3.69137130469902,6.88860435339309
"BTV",2012,"Atlantic",0,Feb 2013,2013,0.3,39,203.5,12454,14613,18708,4349,50124,23644,2730,26374,76498,30,2,0,26,25,0,1327.21786732546,23,0,0,20,20,0,0,4,2,0,4,4,0,4,2,0,4,4,0,1.87285374748978,1.59329738215018,2.08393268029524,1.81999923096781,0.289761751448809,0.289761751448809
"BTV",2013,"Atlantic",0,Feb 2013,2013,1,389,975.75,12941,13873,18747,4242,49803,21666,2730,24396,74199,24,6,1,22,21,13,1962.06337386215,16,0,0,15,15,0,0,3,1,1,3,2,7220.39321581271,1,1,1,1,1,7220.39321581271,1.53439364060374,1.22266743397289,1.51534984751049,1.20649155600361,1.68674398534976,1.48148148148148
"BTV",2014,"Atlantic",0,Feb 2013,2013,1,370,987,13409,12648,21118,4478,51653,19740,2364,22104,73757,20,4,1,20,17,1,901.073113716071,15,1,0,15,15,0,450.536556858035,1,1,0,1,1,0,1,1,0,1,1,0,4.0633224997139,0.921077845799725,4.0610091726448,0.70851043277998,4.10958904109589,4.10958904109589
"BTV",2015,"Atlantic",0,Feb 2013,2013,1.2,236,732.5,12933,12321,20080,3851,49185,21536,2074,23610,72795,12,2,0,11,10,0,1285.68994944024,7,1,0,7,7,0,642.844974720121,1,0,0,1,1,0,0,0,0,0,0,0,1.73745323669228,1.50767343659063,1.85909285826849,1.50767343659063,0.277777777777778,0
"BTV",2016,"Atlantic",0,Feb 2013,2013,1.2,521,1036.5,11563,14842,21743,4521,52669,16871,1593,18464,71133,14,1,1,13,12,0,0,5,0,0,5,5,0,0,1,1,0,1,1,0,1,1,0,1,1,0,2.74626214389899,1.9715220824987,2.88439889097683,2.20335696203662,0.812347684809098,0.812347684809098
"BTV",2017,"Atlantic",0,Feb 2013,2013,1.2,396,861,11186,15498,22469,3295,52448,11917,1785,13702,66150,16,1,1,15,15,0,0,6,0,0,6,6,0,0,0,0,0,0,0,0,0,0,0,0,0,0,3.43222249637368,3.52048490147998,3.43222249637368,3.52048490147998,0,0
"BTV",2018,"Atlantic",0,Feb 2013,2013,1.4,336,826,13987,14624,23476,2715,54802,14602,832,15434,70236,21,2,0,19,15,1,606.752966354577,10,0,0,9,9,0,0,0,0,0,0,0,0,0,0,0,0,0,0,9.22363520617009,6.51739244548713,9.22363520617009,6.51739244548713,0,0
"BTV",2019,"Atlantic",0,Feb 2013,2013,1.3,335,1037.5,13920,14493,25795,2977,57185,15099,986,16085,73270,19,3,0,13,12,1,834.328667568775,13,1,0,10,10,0,0,0,0,0,0,0,0,0,0,0,0,0,0,3.67773833078505,2.58025291141024,3.67773833078505,2.58025291141024,0,0
"BTV",2020,"Atlantic",0,Feb 2013,2013,2,419,1431,6917,7935,22857,3354,41063,14384,1112,15496,56559,11,1,0,9,9,0,0,6,1,0,6,6,0,0,1,0,0,1,1,0,1,0,0,1,1,0,1.63867995334706,0.821120129646191,1.76239833294426,0.911677188290927,0.277777777777778,0.277777777777778
"BTV",2021,"Atlantic",0,Feb 2013,2013,2,354,1060.75,10022,9497,33087,4739,57345,29983,1794,31777,89122,16,0,0,14,14,0,0,11,0,0,11,11,0,0,0,0,0,0,0,0,0,0,0,0,0,0,2.46699377289894,1.70020513426942,2.46699377289894,1.70020513426942,0,0
"CYS",2005,"Central",0,NA,NA,NA,NA,NA,98,5903,12232,3340,21573,18743,14392,33135,54708,1,1,0,0,0,2,0,1,1,0,0,0,2,0,0,0,0,0,0,0,0,0,0,0,0,0,2.71465475721354,2.71465475721354,2.71465475721354,2.71465475721354,0,0
"CYS",2006,"Central",0,NA,NA,NA,NA,NA,212,6374,14569,3019,24174,20547,20488,41035,65209,1,0,0,0,0,0,0,0,0,0,0,0,0,0,0,0,0,0,0,0,0,0,0,0,0,0,11.7756512493355,0,11.7756512493355,0,0,0
"CYS",2007,"Central",0,NA,NA,NA,NA,NA,182,6648,12624,4461,23915,14606,20432,35038,58953,0,0,0,0,0,0,0,0,0,0,0,0,0,0,2,1,1,2,2,3703.36460961908,0,0,0,0,0,0,11.0079241382588,0,0,0,11.0079241382588,0
"CYS",2008,"Central",0,NA,NA,NA,NA,NA,167,5790,13542,4590,24089,13239,21690,34929,59018,0,0,0,0,0,0,0,0,0,0,0,0,0,0,4,2,0,2,2,0,3,2,0,2,2,0,0,0,0,0,0,0
"CYS",2009,"Central",0,NA,NA,NA,NA,NA,190,4426,11907,4673,21196,10219,16673,26892,48088,1,0,0,0,0,0,0,1,0,0,0,0,0,0,21,11,5,18,16,5355436.31156906,4,4,2,4,3,5304442.11068957,0,4.94574426711696,2.71465475721354,2.71465475721354,0,5.50351664459281
"CYS",2010,"Central",0,NA,NA,NA,NA,NA,141,5422,7196,3705,16464,12125,15412,27537,44001,2,1,0,1,1,3,0,2,1,0,1,1,3,0,16,8,1,16,13,720.990003110317,7,4,0,7,6,0,5.45228147712125,3.72836894503112,1.61049193556879,1.61049193556879,5.93250516981531,4.33347666202036
"CYS",2011,"Central",0,NA,NA,NA,NA,NA,148,5986,6470,4136,16740,11306,20568,31874,48614,5,1,1,1,0,0,0,3,0,0,0,0,0,0,11,6,1,9,8,674039.578542374,2,2,0,2,2,0,0,1.83132449989774,2.78620807789958,2.71465475721354,0,0.506329113924051
"CYS",2012,"Central",0,NA,NA,NA,NA,NA,38,5191,6839,3553,15621,14176,22068,36244,51865,0,0,0,0,0,0,0,0,0,0,0,0,0,0,14,9,3,13,13,29814.6221715992,5,4,0,5,5,0,0,0.466038900895338,0,0,0,0.466038900895338
"CYS",2013,"Central",0,NA,NA,NA,NA,NA,143,4970,6688,3134,14935,15242,25060,40302,55237,3,1,0,2,2,0,0,2,1,0,1,1,0,0,12,3,3,12,10,90895.8558997872,6,2,2,6,5,89933.1368043455,10.0869567979467,7.44603521776692,21.1516207101618,7.7858988071782,7.32079081989297,7.33274735462983
"CYS",2014,"Central",0,NA,NA,NA,NA,NA,89,3691,7267,3211,14258,14303,24402,38705,52963,0,0,0,0,0,0,0,0,0,0,0,0,0,0,7,1,1,6,5,8763.57965454144,5,1,1,4,3,8763.57965454144,0,0,0,0,0,0
"CYS",2015,"Central",0,NA,NA,NA,NA,NA,142,2686,5904,2766,11498,13732,18932,32664,44162,1,1,1,1,1,168,9359.82283192497,0,0,0,0,0,0,0,15,0,0,15,15,0,2,0,0,2,2,0,6.85741715017216,0.579523502897617,47.883064516129,0,4.1223739924417,0.579523502897617
"CYS",2016,"Central",0,NA,NA,NA,NA,NA,256,2522,6645,2828,12251,13935,19477,33412,45663,1,0,0,1,1,0,0,0,0,0,0,0,0,0,11,7,2,11,11,85155.8433314289,8,7,2,8,8,85155.8433314289,5.25130092686283,1.56995222727522,47.883064516129,0,1.37568605511135,1.56995222727522
"CYS",2017,"Central",0,NA,NA,NA,NA,NA,150,1844,6480,2692,11166,15628,19152,34780,45946,0,0,0,0,0,0,0,0,0,0,0,0,0,0,10,3,0,9,9,0,3,1,0,3,3,0,0,0.682776688965225,0,0,0,0.682776688965225
"CYS",2018,"Central",0,NA,NA,NA,NA,NA,261,1137,5961,3391,10750,15000,14091,29091,39841,0,0,0,0,0,0,0,0,0,0,0,0,0,0,5,1,0,4,4,0,0,0,0,0,0,0,0,0,0,0,0,0
"CYS",2019,"Central",0,NA,NA,NA,NA,NA,1023,771,7162,1744,10700,14800,9538,24338,35038,0,0,0,0,0,0,0,0,0,0,0,0,0,0,5,3,0,5,5,0,2,2,0,2,2,0,0.698596795610225,0.493000001973776,0,0,0.698596795610225,0.493000001973776
"CYS",2020,"Central",0,NA,NA,NA,NA,NA,287,771,6362,1574,8994,14071,9974,24045,33039,0,0,0,0,0,0,0,0,0,0,0,0,0,0,2,0,0,2,2,0,1,0,0,1,1,0,0.698544566153698,1.30475302889096,0,0,0.698544566153698,1.30475302889096
"CYS",2021,"Central",0,NA,NA,NA,NA,NA,398,826,5175,1627,8026,15333,9997,25330,33356,1,0,0,1,0,0,0,1,0,0,1,0,0,0,4,0,0,4,4,0,2,0,0,2,2,0,0.385576163459415,0.354649977255972,0,0,0.481970204324269,0.531974965883958
"FAR",2005,"Central",0,NA,NA,NA,NA,NA,6551,16614,26003,3876,53044,21802,3053,24855,77899,6,0,0,6,6,0,0,6,0,0,6,6,0,0,0,0,0,0,0,0,0,0,0,0,0,0,1.34968676232507,1.34968676232507,1.34968676232507,1.34968676232507,0,0
"FAR",2006,"Central",0,NA,NA,NA,NA,NA,6307,16736,23374,3579,49996,19709,3131,22840,72836,17,2,1,14,14,1,0,15,1,0,14,14,1,0,0,0,0,0,0,0,0,0,0,0,0,0,3.2480015191618,2.11098155513865,3.2480015191618,2.11098155513865,0,0
"FAR",2007,"Central",0,NA,NA,NA,NA,NA,5226,17249,21300,2887,46662,24608,1823,26431,73093,26,0,0,23,23,0,0,23,0,0,23,23,0,0,6,0,0,5,5,0,5,0,0,4,4,0,0,0,3.98053729884828,2.96378330530647,0,0
"FAR",2008,"Central",0,NA,NA,NA,NA,NA,5625,18534,20444,3130,47733,26029,2262,28291,76024,18,0,0,14,10,0,0,14,0,0,13,10,0,0,3,0,0,2,1,0,2,0,0,1,0,0,0,0,8.30520743579418,6.78183389776076,0,0
"FAR",2009,"Central",0,NA,NA,NA,NA,NA,9284,18920,20061,5234,53499,27994,3281,31275,84774,16,2,1,15,14,0,0,15,1,0,15,14,0,0,5,3,3,5,5,340883.480068763,5,3,3,5,5,340883.480068763,5.46773868058762,5.15234305215023,3.30463261226276,2.73989803645792,12.3896780992272,12.3896780992272
"FAR",2010,"Central",0,NA,NA,NA,NA,NA,9302,13710,22359,3855,49226,23609,2654,26263,75489,14,1,1,12,12,0,0,12,0,0,12,12,0,0,17,11,3,17,14,262968.528227457,9,4,0,9,8,0,5.77922843126891,3.18752391072358,7.12246686121345,4.98457898776325,4.67303207719694,0.791450474670683
"FAR",2011,"Central",0,NA,NA,NA,NA,NA,4545,14092,26231,3551,48419,26502,2090,28592,77011,2,0,0,2,2,0,0,2,0,0,2,2,0,0,1,1,0,1,0,0,1,1,0,1,0,0,2.76865290567094,2.76865290567094,3.77340723980386,3.77340723980386,0.759144237405107,0.759144237405107
"FAR",2012,"Central",0,NA,NA,NA,NA,NA,4443,13839,29101,3124,50507,25700,1979,27679,78186,10,2,1,7,7,2,0,7,1,0,7,7,2,0,6,3,2,5,3,79633.0720395277,1,0,0,0,0,0,0,0,6.54507527366868,3.26235853937771,0,0
"FAR",2013,"Central",0,NA,NA,NA,NA,NA,4435,18950,27710,2150,53245,25572,1621,27193,80438,18,2,1,16,16,100,17004.5492401386,15,0,0,14,14,0,0,0,0,0,0,0,0,0,0,0,0,0,0,7.06408533721733,6.8563328240313,7.06408533721733,6.8563328240313,0,0
"FAR",2014,"Central",0,NA,NA,NA,NA,NA,5612,21483,23356,1138,51589,23560,1060,24620,76209,14,1,1,9,9,0,0,11,0,0,9,9,0,0,0,0,0,0,0,0,0,0,0,0,0,0,3.71463878935233,3.37226283785423,3.71463878935233,3.37226283785423,0,0
"FAR",2015,"Central",0,NA,NA,NA,NA,NA,5059,19611,24425,1186,50281,23521,852,24373,74654,16,2,1,10,8,1,642.844974720121,10,2,1,8,6,1,642.844974720121,0,0,0,0,0,0,0,0,0,0,0,0,11.661736007458,11.7934434775351,11.661736007458,11.7934434775351,0,0
"FAR",2016,"Central",0,NA,NA,NA,NA,NA,4945,19853,24240,1486,50524,22562,1190,23752,74276,10,5,0,10,9,2,0,10,5,0,10,9,2,0,0,0,0,0,0,0,0,0,0,0,0,0,7.04540163745098,7.04540163745098,7.04540163745098,7.04540163745098,0,0
"FAR",2017,"Central",0,NA,NA,NA,NA,NA,7362,23005,23759,1373,55499,27868,1768,29636,85135,13,0,0,8,7,0,0,8,0,0,7,7,0,0,0,0,0,0,0,0,0,0,0,0,0,0,8.4045048703014,9.50986452868791,8.4045048703014,9.50986452868791,0,0
"FAR",2018,"Central",0,NA,NA,NA,NA,NA,8186,24023,22474,1636,56319,21138,2749,23887,80206,11,2,1,10,9,2,3640.51779812746,9,1,0,9,8,2,3640.51779812746,0,0,0,0,0,0,0,0,0,0,0,0,5.54077671638994,5.27821670343603,5.54077671638994,5.27821670343603,0,0
"FAR",2019,"Central",0,NA,NA,NA,NA,NA,10297,26127,21508,1798,59730,20246,2525,22771,82501,9,1,0,7,6,0.5,0,4,0,0,4,4,0,0,0,0,0,0,0,0,0,0,0,0,0,0,6.00150005194093,4.14021164021164,6.00150005194093,4.14021164021164,0,0
"FAR",2020,"Central",0,NA,NA,NA,NA,NA,8685,19739,19434,1479,49337,18567,1822,20389,69726,8,1,0,6,4,0,0,6,0,0,6,4,0,0,0,0,0,0,0,0,0,0,0,0,0,0,15.6573977888449,19.219857959067,15.6573977888449,19.219857959067,0,0
"FAR",2021,"Central",0,NA,NA,NA,NA,NA,11728,22853,24910,1730,61221,30048,1711,31759,92980,13,0,0,10,10,0,0,10,0,0,10,10,0,0,1,0,0,1,1,0,1,0,0,1,1,0,3.72293408841787,2.96915945028386,3.65966328403043,2.8115299407668,4.54545454545455,4.54545454545455
"FAT",2005,"Pacific",1,NA,NA,NA,NA,NA,9993,39590,70622,8684,128889,19635,796,20431,149320,6,1,0,1,1,0,0,4,1,0,1,1,0,0,0,0,0,0,0,0,0,0,0,0,0,0,10.0515559813553,11.4547574703957,10.0515559813553,11.4547574703957,0,0
"FAT",2006,"Pacific",1,NA,NA,NA,NA,NA,15290,30733,75219,10418,131660,22190,1212,23402,155062,6,0,0,0,0,0,0,4,0,0,0,0,0,0,0,0,0,0,0,0,0,0,0,0,0,0,7.2451530032745,7.2451530032745,7.2451530032745,7.2451530032745,0,0
"FAT",2007,"Pacific",1,NA,NA,NA,NA,NA,18776,27996,76318,8680,131770,25596,836,26432,158202,7,1,1,3,1,0,0,6,1,1,2,1,0,0,3,0,0,3,3,0,1,0,0,1,1,0,3.68034826660609,3.52287762576477,4.75386601756277,4.07048257604545,1.17547351437385,0.237247924080664
"FAT",2008,"Pacific",1,NA,NA,NA,NA,NA,18819,23703,73707,7792,124021,30260,1886,32146,156167,5,0,0,1,0,0,0,2,0,0,1,0,0,0,2,1,1,2,2,2127015.93496009,1,1,1,1,1,2127015.93496009,6.64070223743187,6.73965280204621,8.90711050115267,9.13479762493946,0.974681578129854,1.94936315625971
"FAT",2009,"Pacific",1,NA,NA,NA,NA,NA,11828,24582,48341,6571,91322,28584,3805,32389,123711,7,0,0,4,3,0,0,5,0,0,3,2,0,0,4,1,1,4,3,77908.5958630053,0,0,0,0,0,0,7.57051441171636,3.97051400860298,10.2080162413025,3.97051400860298,2.95488620994064,0
"FAT",2010,"Pacific",1,NA,NA,NA,NA,NA,9794,26019,45273,5849,86935,28285,3844,32129,119064,8,0,0,2,0,0,0,5,0,0,2,0,0,0,3,0,0,3,2,0,1,0,0,1,0,0,2.59747183051175,3.28077480433066,3.0945239671226,3.32244549306804,1.27199946621615,3.07242136064375
"FAT",2011,"Pacific",1,NA,NA,NA,NA,NA,9896,24118,51236,5568,90818,32877,2975,35852,126670,8,0,0,2,1,0,0,5,0,0,2,1,0,0,3,0,0,3,3,0,3,0,0,3,3,0,8.30581590433051,6.09371649832411,10.5163197246589,8.30326296724572,2.41113905012142,2.41113905012142
"FAT",2012,"Pacific",1,NA,NA,NA,NA,NA,10642,23034,43409,5799,82884,34593,3438,38031,120915,6,0,0,3,3,0,0,3,0,0,1,1,0,0,6,1,1,6,6,10596.5074527265,0,0,0,0,0,0,2.27556469772854,3.96313257087235,4.06807025336003,3.96313257087235,0.483059142097061,0
"FAT",2013,"Pacific",1,NA,NA,NA,NA,NA,11830,21779,44710,5205,83524,41866,3674,45540,129064,5,0,0,3,3,0,0,4,0,0,3,3,0,0,0,0,0,0,0,0,0,0,0,0,0,0,4.48419246358625,4.92657689017942,4.48419246358625,4.92657689017942,0,0
"FAT",2014,"Pacific",1,NA,NA,NA,NA,NA,13061,22592,43069,5852,84574,31930,3127,35057,119631,13,0,0,8,8,0,0,11,0,0,8,8,0,0,4,0,0,4,3,0,0,0,0,0,0,0,3.17322612384498,1.86224292866689,2.16687263467139,1.86224292866689,6.44387496365917,0
"FAT",2015,"Pacific",1,NA,NA,NA,NA,NA,13587,17057,44492,5400,80536,23206,1384,24590,105126,7,0,0,4,4,0,0,4,0,0,4,4,0,0,2,0,0,2,1,0,2,0,0,2,1,0,3.75301737939022,3.52041118349018,4.35249816139822,4.45319945405417,1.6548346423622,1.6548346423622
"FAT",2016,"Pacific",1,NA,NA,NA,NA,NA,17168,15082,44159,4567,80976,15608,1096,16704,97680,12,0,0,11,9,0,0,10,0,0,9,8,0,0,0,0,0,0,0,0,0,0,0,0,0,0,2.9752709820852,3.2051306921481,2.9752709820852,3.2051306921481,0,0
"FAT",2017,"Pacific",1,NA,NA,NA,NA,NA,17540,15085,36814,5915,75354,8433,1804,10237,85591,37,2,1,32,29,0,0,27,1,0,26,25,0,0,4,0,0,4,4,0,2,0,0,2,2,0,2.46365713195421,1.57166085792701,2.50410596669758,1.39860256334934,2.08950541057807,3.90794783472555
"FAT",2018,"Pacific",1,NA,NA,NA,NA,NA,18930,12954,37592,5291,74767,9482,1391,10873,85640,16,0,0,14,14,0,0,15,0,0,13,13,0,0,2,0,0,2,2,0,0,0,0,0,0,0,3.09133305059185,3.56265173587583,3.39075773268416,3.56265173587583,0.695935593853358,0
"FAT",2019,"Pacific",1,NA,NA,NA,NA,NA,20882,12167,39655,4845,77549,11700,2002,13702,91251,28,0,0,22,22,0,0,21,0,0,19,19,0,0,0,0,0,0,0,0,0,0,0,0,0,0,4.88339148318083,4.2397875923694,4.88339148318083,4.2397875923694,0,0
"FAT",2020,"Pacific",1,NA,NA,NA,NA,NA,14688,8101,30159,5601,58549,8958,1756,10714,69263,16,1,1,9,6,0,0,9,0,0,8,5,0,0,4,0,0,4,4,0,0,0,0,0,0,0,3.45604532817887,4.956841071906,4.26074467920342,4.956841071906,0.237247924080664,0
"FAT",2021,"Pacific",1,NA,NA,NA,NA,NA,22271,9632,35867,5239,73009,10283,1776,12059,85068,25,2,1,18,18,1,11.2451255192156,20,1,1,18,18,0,0,2,1,1,2,2,7819725.34455627,0,0,0,0,0,0,4.72252223319988,4.75358265088172,4.79845143267156,4.75358265088172,3.77340723980386,0
"FOE",2005,"Central",0,May 2010,2010,0.004,0,0,156,1153,11239,11327,23875,3533,15185,18718,42593,0,0,0,0,0,0,0,0,0,0,0,0,0,0,0,0,0,0,0,0,0,0,0,0,0,0,0,0,0,0,0,0
"FOE",2006,"Central",0,May 2010,2010,0,0,0,362,1274,12937,10909,25482,3980,14400,18380,43862,1,0,0,0,0,0,0,0,0,0,0,0,0,0,0,0,0,0,0,0,0,0,0,0,0,0,11.7756512493355,0,11.7756512493355,0,0,0
"FOE",2007,"Central",0,May 2010,2010,0,0,0,385,668,12430,9812,23295,2602,12351,14953,38248,0,0,0,0,0,0,0,0,0,0,0,0,0,0,9,5,1,8,7,245192.128939399,7,5,1,6,6,245192.128939399,0,0,0,0,0,0
"FOE",2008,"Central",0,May 2010,2010,0.004,0,0,223,748,8446,9098,18515,2042,9060,11102,29631,1,1,1,0,0,16,0,0,0,0,0,0,0,0,8,4,0,7,6,0,7,4,0,6,5,0,0,0,11.7756512493355,0,0,0
"FOE",2009,"Central",0,May 2010,2010,0.004,0,0,197,483,5884,10556,17120,1251,9610,10861,27981,1,1,1,0,0,0,0,1,1,1,0,0,0,0,6,1,0,6,5,0,3,0,0,3,2,0,3.93282155986052,4.06393811492507,11.7756512493355,11.7756512493355,2.62568327828136,1.49336707012161
"FOE",2010,"Central",0,May 2010,2010,0,236,430,225,476,5838,9528,16067,897,8584,9481,25548,5,0,0,5,5,0,0,5,0,0,5,5,0,0,4,1,1,4,4,86630.5817690691,1,0,0,1,1,0,2.83439616931503,3.11029011277961,3.12196319634349,3.12196319634349,2.47493738552945,3.05192469496021
"FOE",2011,"Central",0,May 2010,2010,1,197,459.15,196,444,4643,8086,13369,1251,10187,11438,24807,6,0,0,6,5,0,0,6,0,0,6,5,0,0,13,6,5,10,9,123469.066351465,4,2,1,4,4,73838.4006015017,0,3.83558856799062,2.13043976462506,2.13043976462506,0,6.39331177303895
"FOE",2012,"Central",0,May 2010,2010,0,363,874.75,191,415,4648,9751,15005,690,7709,8399,23404,5,0,0,4,4,0,0,4,0,0,4,4,0,0,17,5,0,17,15,0,7,2,0,7,7,0,4.00469265019317,3.58530348299007,7.95928055724158,0.652867334898051,2.84157855988481,5.26098128189979
"FOE",2013,"Central",0,May 2010,2010,1,431,773.266666666667,253,326,4668,9468,14715,1052,7812,8864,23579,3,0,0,3,3,0,0,3,0,0,3,3,0,0,26,9,3,20,19,104959.926163631,23,8,2,18,17,85470.0966499338,0,0,0.580291483627601,0.580291483627601,0,0
"FOE",2014,"Central",0,May 2010,2010,1,346,620.5,212,1104,4555,8509,14380,1042,7751,8793,23173,12,0,0,12,12,0,0,11,0,0,11,11,0,0,18,2,0,17,17,0,16,2,0,15,15,0,0,0,2.21897901878931,2.29444175787117,0,0
"FOE",2015,"Central",0,May 2010,2010,1,284,967.25,200,462,5749,8186,14597,971,10421,11392,25989,10,0,0,10,10,0,0,10,0,0,10,10,0,0,10,1,1,5,5,8647.55059993507,6,0,0,4,4,0,0,0,5.01563885017261,5.01563885017261,0,0
"FOE",2016,"Central",0,May 2010,2010,1,224,1287,222,553,4944,7104,12823,899,7874,8773,21596,3,0,0,3,3,0,0,3,0,0,3,3,0,0,6,2,0,6,5,0,4,1,0,4,3,0,4.97321235702073,5.76756375727227,5.28901590487574,5.28901590487574,4.81531058309323,6.12647464656966
"FOE",2017,"Central",0,May 2010,2010,1,213,1221,173,308,4367,3892,8740,667,2790,3457,12197,4,0,0,4,4,0,0,4,0,0,4,4,0,0,8,0,0,5,4,0,3,0,0,1,1,0,0,0,1.30238643605884,1.30238643605884,0,0
"FOE",2018,"Central",0,May 2010,2010,1,191,1372.5,130,417,3732,2609,6888,422,2192,2614,9502,2,0,0,2,2,0,0,2,0,0,2,2,0,0,4,0,0,2,1,0,3,0,0,1,1,0,0,0,1.17572946408087,1.17572946408087,0,0
"FOE",2019,"Central",0,May 2010,2010,1,210,1412.25,252,330,4209,5296,10087,692,6098,6790,16877,4,0,0,3,3,0,0,4,0,0,3,3,0,0,18,7,5,16,15,655903.906314903,9,6,4,7,6,619181.525960911,0,0,1.85472185545,1.85472185545,0,0
"FOE",2020,"Central",0,May 2010,2010,1.0481,208,1553.5,86,271,4753,5086,10196,1489,8144,9633,19829,18,1,0,15,15,0,0,17,1,0,15,15,0,0,26,2,2,26,26,19034.8136972024,14,2,2,14,14,19034.8136972024,2.13620809671684,1.79210084685763,1.45593727402417,1.24922668554449,2.60716482011946,2.45130518559501
"FOE",2021,"Central",0,May 2010,2010,1,126,899.5,111,349,5994,4477,10931,2621,11427,14048,24979,6,1,1,4,4,0,0,5,1,1,4,4,0,0,21,5,2,19,18,6928.12183238871,21,5,2,19,18,6928.12183238871,0,0,3.09332860165559,3.169063370544,0,0
"FSD",2005,"Central",1,NA,NA,NA,NA,NA,7455,28405,28419,3473,67752,18366,3629,21995,89747,6,2,2,3,2,24,833208.624552394,1,0,0,0,0,0,0,1,0,0,1,1,0,1,0,0,1,1,0,15.1679988242914,6.86250720279758,17.3711047689634,11.7756512493355,1.94936315625971,1.94936315625971
"FSD",2006,"Central",1,NA,NA,NA,NA,NA,9655,26270,29378,3199,68502,16808,3048,19856,88358,12,8,6,6,4,409,517253.655962144,4,3,1,2,1,73,461091.232115896,0,0,0,0,0,0,0,0,0,0,0,0,15.7190947152466,4.10991729070218,15.7190947152466,4.10991729070218,0,0
"FSD",2007,"Central",1,NA,NA,NA,NA,NA,9614,26496,25750,3794,65654,12158,3364,15522,81176,10,2,1,1,0,0,0,6,1,0,1,0,0,0,10,0,0,10,9,0,7,0,0,7,7,0,6.48601792898436,4.66768181387576,8.52918157681968,9.38520062584981,4.44285428114904,0.624094260755154
"FSD",2008,"Central",1,NA,NA,NA,NA,NA,8754,25538,19875,2619,56786,4686,1914,6600,63386,6,2,0,1,1,6,5662.34101562013,0,0,0,0,0,0,0,5,1,0,5,4,0,2,0,0,2,1,0,11.3221415931945,3.06217302780198,19.0081016626405,0,2.09898950985946,3.06217302780198
"FSD",2009,"Central",1,NA,NA,NA,NA,NA,8025,25501,17944,3320,54790,4718,1714,6432,61222,8,4,4,2,1,672,42604.0444019351,1,0,0,0,0,0,0,5,1,1,5,3,42604.0444019351,2,0,0,2,1,0,13.9363566408948,1.7667610042945,19.3916234511375,2.71465475721354,5.20792974450644,1.29281412783497
"FSD",2010,"Central",1,NA,NA,NA,NA,NA,6363,28709,18073,2948,56093,4171,2366,6537,62630,3,2,1,1,1,25,628.770351549695,2,1,0,1,1,1,419.180234366464,7,0,0,7,5,0,4,0,0,4,2,0,3.18490032809472,1.78703578970439,5.11345501280874,1.78235689454538,2.35837689178871,1.7893752372839
"FSD",2011,"Central",1,NA,NA,NA,NA,NA,6815,29562,19849,2697,58923,4952,2256,7208,66131,3,1,1,1,1,120,81284.0165142027,0,0,0,0,0,0,0,4,2,0,4,4,0,3,1,0,3,3,0,11.1098424388931,7.84914404420151,17.7707913435187,0,6.11413076042386,7.84914404420151
"FSD",2012,"Central",1,NA,NA,NA,NA,NA,7164,27383,20553,3603,58703,5183,3682,8865,67568,20,3,2,12,12,23,136298.638884988,11,0,0,10,10,0,0,5,1,0,5,5,0,3,1,0,3,3,0,8.95972535481336,4.65614795389067,10.0318290488143,3.89474333529722,4.67131057880962,7.44796488873334
"FSD",2013,"Central",1,NA,NA,NA,NA,NA,7235,27863,20525,2726,58349,5134,2404,7538,65887,11,4,1,3,3,3,0,5,2,0,3,3,2,0,3,0,0,3,2,0,3,0,0,3,2,0,5.80975048627619,2.68966288538267,6.19148193466529,1.65741951130257,4.41006850884951,4.41006850884951
"FSD",2014,"Central",1,NA,NA,NA,NA,NA,8358,27710,21517,3003,60588,4425,2650,7075,67663,25,7,4,8,6,13,77984.01625021,7,0,0,4,4,0,0,11,5,3,11,11,1700429.23261396,3,2,0,3,3,0,8.30054854791252,6.85698793344623,9.00836241560405,2.72307983504137,6.69188066679541,16.5027734963909
"FSD",2015,"Central",1,NA,NA,NA,NA,NA,10599,24450,22021,2525,59595,5607,2268,7875,67470,18,3,3,3,2,40,16713.9693427232,7,0,0,1,1,0,0,5,0,0,5,3,0,5,0,0,5,3,0,6.29284803811212,2.63744038885515,7.58568511602197,3.35087312543981,1.63863455763663,1.63863455763663
"FSD",2016,"Central",1,NA,NA,NA,NA,NA,10859,25603,22625,3205,62292,5110,2507,7617,69909,15,2,2,1,1,0,0,9,0,0,1,1,0,0,10,6,6,10,3,12038529.8038469,3,0,0,3,2,0,12.6020385411337,2.59990037693364,7.82337122831449,3.06792860674461,19.7700395103625,1.19581568750073
"FSD",2017,"Central",1,NA,NA,NA,NA,NA,11392,28079,21699,3060,64230,6808,2183,8991,73221,20,2,2,5,5,0,0,6,0,0,3,3,0,0,4,0,0,4,3,0,2,0,0,2,1,0,9.16809417356566,8.86904614723821,10.8161247554475,11.2737833155302,0.927941264156611,1.6548346423622
"FSD",2018,"Central",1,NA,NA,NA,NA,NA,11180,27847,21445,2116,62588,6330,1068,7398,69986,16,1,1,5,4,0,0,7,0,0,3,2,0,0,0,0,0,0,0,0,0,0,0,0,0,0,11.0070326753535,3.19468667736717,11.0070326753535,3.19468667736717,0,0
"FSD",2019,"Central",1,NA,NA,NA,NA,NA,11569,23458,22362,3021,60410,5309,1472,6781,67191,25,5,4,16,13,240,0,15,1,0,11,9,0,0,3,0,0,3,3,0,1,0,0,1,1,0,6.88455645527659,3.7922606046897,7.46481992149033,3.86554049542741,2.0490275701621,2.69306224362404
"FSD",2020,"Central",1,NA,NA,NA,NA,NA,11283,17885,19032,2979,51179,5189,1168,6357,57536,32,3,2,16,11,0,235.433688277086,25,2,2,16,11,0,0,7,3,1,7,6,35534.0065716605,2,0,0,2,2,0,7.71201582511019,9.22173436908453,8.9814349311765,9.65039565716196,1.90895705452131,3.86346826811662
"FSD",2021,"Central",1,NA,NA,NA,NA,NA,15653,21128,22393,2559,61733,6147,1530,7677,69410,18,3,2,10,10,132,6971.97782191365,12,1,1,9,9,48,0,7,0,0,7,6,0,3,0,0,3,2,0,6.19037088347573,6.6588437075257,7.09232955220619,6.37109491266358,3.87104859245453,7.80983888697416
"FSM",2005,"Mississippi",0,NA,NA,NA,NA,NA,287,7633,19759,19165,46844,7477,14669,22146,68990,2,1,0,0,0,0,0,1,0,0,0,0,0,0,0,0,0,0,0,0,0,0,0,0,0,0,7.2451530032745,2.71465475721354,7.2451530032745,2.71465475721354,0,0
"FSM",2006,"Mississippi",0,NA,NA,NA,NA,NA,245,7277,22933,19595,50050,13942,15397,29339,79389,2,1,1,1,0,2,453.532359458259,1,0,0,0,0,0,0,0,0,0,0,0,0,0,0,0,0,0,0,4.48468231455251,2.71465475721354,4.48468231455251,2.71465475721354,0,0
"FSM",2007,"Mississippi",0,NA,NA,NA,NA,NA,169,7961,20440,16897,45467,10855,11953,22808,68275,3,1,0,0,0,0,0,2,0,0,0,0,0,0,7,2,2,7,7,5437.47978396452,0,0,0,0,0,0,3.71415531336841,7.2451530032745,8.75531908529482,7.2451530032745,1.55365655397137,0
"FSM",2008,"Mississippi",0,NA,NA,NA,NA,NA,378,8480,19104,13118,41080,9904,8056,17960,59040,1,0,0,1,0,0,0,0,0,0,0,0,0,0,17,5,3,17,16,371381.622532493,4,1,0,4,4,0,4.28128289915285,6.24843089731455,1.46353772394651,0,4.44703261534145,6.24843089731455
"FSM",2009,"Mississippi",0,NA,NA,NA,NA,NA,405,6958,13967,8953,30283,7044,6500,13544,43827,0,0,0,0,0,0,0,0,0,0,0,0,0,0,18,4,3,18,15,196575.060870528,3,0,0,3,3,0,4.95412345120889,0.816290047873772,0,0,4.95412345120889,0.816290047873772
"FSM",2010,"Mississippi",0,NA,NA,NA,NA,NA,1455,5679,14660,8619,30413,7972,6281,14253,44666,1,0,0,1,1,0,0,1,0,0,1,1,0,0,13,6,1,13,13,5577.89165196974,6,5,0,6,6,0,3.67538227664917,2.64887781538991,1.94936315625971,1.94936315625971,3.8081529782176,2.76546359191161
"FSM",2011,"Mississippi",0,NA,NA,NA,NA,NA,1647,4439,13891,7395,27372,7706,5859,13565,40937,4,0,0,0,0,0,0,4,0,0,0,0,0,0,5,2,2,5,5,704082.151046024,0,0,0,0,0,0,7.79910495699198,5.5437445104853,5.5437445104853,5.5437445104853,9.60339331419732,0
"FSM",2012,"Mississippi",0,NA,NA,NA,NA,NA,311,6241,13708,6941,27201,6915,4816,11731,38932,2,0,0,0,0,0,0,1,0,0,0,0,0,0,3,1,1,3,2,22923.7070044454,0,0,0,0,0,0,9.47008237932402,2.71465475721354,2.71465475721354,2.71465475721354,13.9737007940643,0
"FSM",2013,"Mississippi",0,NA,NA,NA,NA,NA,64,6011,12836,6141,25052,5674,4171,9845,34897,2,0,0,0,0,0,0,1,0,0,0,0,0,0,5,0,0,5,5,0,3,0,0,3,3,0,5.32436033989251,8.01454751457166,2.71465475721354,2.71465475721354,6.62921313123199,10.6644938932507
"FSM",2014,"Mississippi",0,NA,NA,NA,NA,NA,53,5627,12951,5487,24118,5435,4400,9835,33953,8,1,0,1,1,1,0,7,1,0,1,1,1,0,0,0,0,0,0,0,0,0,0,0,0,0,3.04542092178778,3.09267323101267,3.04542092178778,3.09267323101267,0,0
"FSM",2015,"Mississippi",0,NA,NA,NA,NA,NA,463,4407,12902,4844,22616,6985,4269,11254,33870,4,0,0,2,0,0,0,1,0,0,1,0,0,0,0,0,0,0,0,0,0,0,0,0,0,0,4.72166125910766,1.38888888888889,4.72166125910766,1.38888888888889,0,0
"FSM",2016,"Mississippi",0,NA,NA,NA,NA,NA,2053,2776,14533,7160,26522,11906,6193,18099,44621,8,1,0,0,0,3,95.2199581032184,4,0,0,0,0,0,0,0,0,0,0,0,0,0,0,0,0,0,0,5.82566482560595,3.84233601769611,5.82566482560595,3.84233601769611,0,0
"FSM",2017,"Mississippi",0,NA,NA,NA,NA,NA,2912,2034,14008,6202,25156,10519,4873,15392,40548,4,0,0,1,1,0,0,0,0,0,0,0,0,0,0,0,0,0,0,0,0,0,0,0,0,0,4.40077851954002,0,4.40077851954002,0,0,0
"FSM",2018,"Mississippi",0,NA,NA,NA,NA,NA,1483,3264,12833,4974,22554,8547,2961,11508,34062,6,2,2,2,1,0,0,1,1,1,0,0,0,0,0,0,0,0,0,0,0,0,0,0,0,0,11.9061387838099,2.71465475721354,11.9061387838099,2.71465475721354,0,0
"FSM",2019,"Mississippi",0,NA,NA,NA,NA,NA,1663,3267,12482,4283,21695,8054,1966,10020,31715,1,0,0,0,0,0,0,0,0,0,0,0,0,0,0,0,0,0,0,0,0,0,0,0,0,0,4.97001727817868,0,4.97001727817868,0,0,0
"FSM",2020,"Mississippi",0,NA,NA,NA,NA,NA,740,2796,12234,4397,20167,7974,1662,9636,29803,2,0,0,0,0,0,0,0,0,0,0,0,0,0,0,0,0,0,0,0,0,0,0,0,0,0,4.97001727817868,0,4.97001727817868,0,0,0
"FSM",2021,"Mississippi",0,NA,NA,NA,NA,NA,1206,2909,12635,6577,23327,4540,1322,5862,29189,1,1,0,0,0,0.5,0,0,0,0,0,0,0,0,0,0,0,0,0,0,0,0,0,0,0,0,2.71465475721354,0,2.71465475721354,0,0,0
"FWA",2005,"Mississippi",1,Oct 2007,2007,0.025,0,0,9020,28253,22000,2543,61816,15458,1677,17135,78951,5,0,0,1,1,0,0,5,0,0,1,1,0,0,0,0,0,0,0,0,0,0,0,0,0,0,6.33473485134441,6.33473485134441,6.33473485134441,6.33473485134441,0,0
"FWA",2006,"Mississippi",1,Oct 2007,2007,0.025,0,0,10279,23569,21132,2559,57539,15423,2690,18113,75652,7,1,1,3,2,0,0,2,0,0,1,1,0,0,0,0,0,0,0,0,0,0,0,0,0,0,10.1504161347709,7.23435674647975,10.1504161347709,7.23435674647975,0,0
"FWA",2007,"Mississippi",1,Oct 2007,2007,0.15,55,11.5,7569,22608,19002,2310,51489,13417,1608,15025,66514,14,2,1,7,6,0,0,9,1,0,4,4,0,0,10,1,0,10,10,0,10,1,0,10,10,0,5.26435281766655,4.01270359004208,8.41984989727643,7.53053323874136,0.84665690621272,0.84665690621272
"FWA",2008,"Mississippi",1,Oct 2007,2007,0.5,143,26.8333333333333,2844,22762,21593,1878,49077,16367,1656,18023,67100,7,0,0,0,0,0,0,2,0,0,0,0,0,0,8,0,0,8,7,0,2,0,0,2,2,0,4.44786621907431,2.33200895673662,7.89236703842607,2.71465475721354,1.43392800214153,1.94936315625971
"FWA",2009,"Mississippi",1,Oct 2007,2007,1,394,166.75,2631,19267,20575,2370,44843,7205,1925,9130,53973,11,1,1,4,3,0,0,8,1,1,4,3,0,0,2,0,0,2,2,0,0,0,0,0,0,0,7.58153892973801,6.15661822650365,6.86535482435579,6.15661822650365,11.5205515093402,0
"FWA",2010,"Mississippi",1,Oct 2007,2007,1,77,451.416666666667,2904,15940,15624,945,35413,4387,931,5318,40731,4,0,0,3,3,0,0,1,0,0,1,1,0,0,2,1,0,2,1,0,1,1,0,1,0,0,4.05951752925021,7.28963533785612,5.09389822644165,11.5068493150685,1.99075613486733,3.07242136064375
"FWA",2011,"Mississippi",1,Oct 2007,2007,1,42,151.166666666667,2704,16117,12376,2122,33319,4185,854,5039,38358,28,1,1,20,18,145,19298.1802540803,22,1,1,18,17,145,19298.1802540803,10,3,3,10,10,804316.181276904,2,0,0,2,2,0,3.6522658116661,3.6916156832388,3.9196093731329,3.98259805104235,2.90370383955908,0.490809637399826
"FWA",2012,"Mississippi",1,Oct 2007,2007,1,241,1492.66666666667,2791,15390,12936,2644,33761,5576,1090,6666,40427,34,3,0,31,26,6,609.193001102387,31,3,0,30,25,6,609.193001102387,3,0,0,3,2,0,0,0,0,0,0,0,2.10729599350208,1.88023666603421,2.16592863350408,1.88023666603421,1.44279274014603,0
"FWA",2013,"Mississippi",1,Oct 2007,2007,1,166,1592.83333333333,3320,14535,11196,2304,31355,4712,778,5490,36845,51,2,0,51,51,3,0,50,1,0,50,50,2,0,0,0,0,0,0,0,0,0,0,0,0,0,1.75044871915275,1.74647043041061,1.75044871915275,1.74647043041061,0,0
"FWA",2014,"Mississippi",1,Oct 2007,2007,1,141,1582,3729,13871,10871,2021,30492,3919,383,4302,34794,48,0,0,43,42,0,0,45,0,0,42,41,0,0,6,1,1,6,5,247151.482619265,0,0,0,0,0,0,1.89853732404973,1.2542384537556,1.39348112686007,1.2542384537556,5.93898690156704,0
"FWA",2015,"Mississippi",1,Oct 2007,2007,1,125,1423,3643,15246,11373,1901,32163,3530,405,3935,36098,29,1,0,19,18,1,128.568994944024,20,1,0,19,18,1,128.568994944024,6,1,1,6,6,232905.305720999,1,0,0,1,1,0,2.66634944525559,2.04910029952452,2.7014364963919,2.01690220231955,2.49676203143012,2.69306224362404
"FWA",2016,"Mississippi",1,Oct 2007,2007,1,121,1937.5,3646,15517,10928,2286,32377,3418,460,3878,36255,31,2,1,24,21,1,0,28,1,0,23,20,1,0,2,2,1,2,2,227192.280835396,0,0,0,0,0,0,3.25136854480393,1.87423519477524,2.10037684689316,1.87423519477524,21.0917398624208,0
"FWA",2017,"Mississippi",1,Oct 2007,2007,1,60,948,5770,12673,11906,2049,32398,4637,411,5048,37446,43,1,1,37,34,0,0,39,0,0,36,33,0,0,7,2,2,7,7,17520.299568034,3,0,0,3,3,0,2.94134801312061,2.18936706513756,3.00764664960486,2.15062128217706,2.53408496043159,2.69306224362404
"FWA",2018,"Mississippi",1,Oct 2007,2007,1,68,1088,6755,12060,12296,1508,32619,5475,424,5899,38518,31,1,0,20,18,0,4247.27076448204,24,0,0,19,17,0,0,2,1,1,2,2,60675.2966354577,0,0,0,0,0,0,3.21116396232544,2.25673205492673,3.16618368164719,2.25673205492673,3.90835831283837,0
"FWA",2019,"Mississippi",1,Oct 2007,2007,1.1,119,1951,7858,11421,12115,2201,33595,5345,326,5671,39266,30,2,0,24,23,2,0,21,1,0,20,19,1,0,16,8,6,16,15,805354.816740304,7,3,3,7,6,92653.3904316089,6.08968588552442,3.00260467130175,5.48629521385552,0.996166076542724,7.2210433949036,9.02192045557885
"FWA",2020,"Mississippi",1,Oct 2007,2007,1.0038,158,2656,7075,7724,11536,2297,28632,6533,397,6930,35562,29,2,0,18,18,5.5,0,22,1,0,17,17,0.5,0,14,5,4,14,13,254625.065376992,3,1,0,3,3,0,2.57038926784369,1.372447537114,2.08560892269811,1.47325402255519,3.57457712564525,0.633199977211937
"FWA",2021,"Mississippi",1,Oct 2007,2007,1.1038,72,1168,9191,7740,13515,2444,32890,7472,438,7910,40800,49,0,0,34,33,0,0,40,0,0,34,33,0,0,7,0,0,7,7,0,2,0,0,2,2,0,2.32682911468335,1.98290475124094,2.54792587038646,2.05933936665733,0.779151824761595,0.454212442913043
"GTF",2005,"Pacific",0,Apr 2014,2014,0.004,0,0,12591,10674,10759,5831,39855,7508,1908,9416,49271,1,0,0,0,0,0,0,1,0,0,0,0,0,0,0,0,0,0,0,0,0,0,0,0,0,0,2.71465475721354,2.71465475721354,2.71465475721354,2.71465475721354,0,0
"GTF",2006,"Pacific",0,Apr 2014,2014,0.004,0,0,11121,9564,12075,3690,36450,6899,1258,8157,44607,2,1,1,2,2,0,0,1,0,0,1,1,0,0,0,0,0,0,0,0,0,0,0,0,0,0,35.9180769975373,1.30475302889096,35.9180769975373,1.30475302889096,0,0
"GTF",2007,"Pacific",0,Apr 2014,2014,0.003,0,0,9785,7488,13597,5520,36390,7781,2620,10401,46791,3,1,1,1,1,12,0,3,1,1,1,1,12,0,2,1,1,2,2,19566.1096874875,1,1,1,1,1,19566.1096874875,10.9684455579346,12.9475757736782,10.1324227562807,10.1324227562807,12.2224797604154,21.3930348258706
"GTF",2008,"Pacific",0,Apr 2014,2014,0.004,0,0,9497,7655,13475,2792,33419,6908,1696,8604,42023,4,1,0,2,0,1,0,4,1,0,2,0,1,0,2,0,0,2,1,0,2,0,0,2,1,0,9.23710358928325,9.23710358928325,11.3402382158069,11.3402382158069,5.03083433623585,5.03083433623585
"GTF",2009,"Pacific",0,Apr 2014,2014,0.013,0,0,7469,8829,12258,3240,31796,7552,1704,9256,41052,3,0,0,1,1,0,0,3,0,0,1,1,0,0,2,0,0,2,2,0,1,0,0,1,1,0,5.40298822373518,6.62715300118796,8.66742763027593,8.66742763027593,0.506329113924051,0.506329113924051
"GTF",2010,"Pacific",0,Apr 2014,2014,0.58,264,286.783333333333,4946,10432,12829,3356,31563,10332,1515,11847,43410,15,0,0,13,13,0,0,15,0,0,13,13,0,0,7,0,0,7,6,0,5,0,0,5,4,0,2.3958102603466,2.56687828640859,3.08265519412213,3.08265519412213,0.923999687970451,1.01954756326799
"GTF",2011,"Pacific",0,Apr 2014,2014,0.88,260,273.25,5010,10438,11967,4267,31682,5510,872,6382,38064,6,0,0,6,6,0,0,6,0,0,6,6,0,0,0,0,0,0,0,0,0,0,0,0,0,0,2.96401002861064,2.96401002861064,2.96401002861064,2.96401002861064,0,0
"GTF",2012,"Pacific",0,Apr 2014,2014,1,0,0,5281,10103,10359,3953,29696,6248,647,6895,36591,4,1,1,3,3,0,663608.933662731,2,0,0,1,1,0,0,1,0,0,1,1,0,0,0,0,0,0,0,2.61428558503242,5.0121106563703,3.03370712538274,5.0121106563703,0.936599423631124,0
"GTF",2013,"Pacific",0,Apr 2014,2014,0.5,0,0,5198,9883,9716,2812,27609,6979,1018,7997,35606,3,0,0,3,3,0,0,3,0,0,3,3,0,0,3,0,0,3,2,0,0,0,0,0,0,0,1.06482119777861,0.947336659288852,0.947336659288852,0.947336659288852,1.18230573626836,0
"GTF",2014,"Pacific",0,Apr 2014,2014,0.5,406,1827.5,5216,10193,8645,2550,26604,5305,1473,6778,33382,7,0,0,6,6,0,0,7,0,0,6,6,0,0,4,0,0,4,4,0,3,0,0,3,3,0,2.1543295453305,1.86724993704948,2.32840740297379,2.32840740297379,1.84969329445474,0.791215849892747
"GTF",2015,"Pacific",0,Apr 2014,2014,1,385,1228.83333333333,4720,10540,8557,3008,26825,6491,2380,8871,35696,9,0,0,9,7,0,0,9,0,0,9,7,0,0,8,2,0,8,7,0,2,0,0,2,2,0,4.45528759349753,1.42235319844646,0.921510033201759,0.921510033201759,8.43078734883028,3.6761474420476
"GTF",2016,"Pacific",0,Apr 2014,2014,1,197,1118,3996,10540,9251,2981,26768,7025,1787,8812,35580,4,0,0,2,2,0,0,3,0,0,2,2,0,0,5,2,0,5,4,0,4,2,0,4,3,0,3.03745499860489,3.06812428487597,2.17433256581008,1.24243766168721,3.72795294484074,4.43738925226754
"GTF",2017,"Pacific",0,Apr 2014,2014,1,105,609,3770,10931,7742,3344,25787,4685,1951,6636,32423,6,0,0,5,5,0,0,5,0,0,5,5,0,0,0,0,0,0,0,0,0,0,0,0,0,0,3.5000267004879,3.20602858494975,3.5000267004879,3.20602858494975,0,0
"GTF",2018,"Pacific",0,Apr 2014,2014,1,195,1120,3944,11229,7832,3313,26318,5982,2299,8281,34599,4,0,0,3,3,0,0,4,0,0,3,3,0,0,6,1,1,6,5,232.993139080158,0,0,0,0,0,0,5.57842800756579,4.19513760666616,4.19513760666616,4.19513760666616,6.50062160816554,0
"GTF",2019,"Pacific",0,Apr 2014,2014,1,154,983,3943,11427,7869,2961,26200,6310,2014,8324,34524,12,1,0,11,7,2,0,10,1,0,10,6,2,0,4,1,1,4,3,151661.881394459,0,0,0,0,0,0,9.21154907374893,7.36552428063742,10.3544135066431,7.36552428063742,5.78295577506653,0
"GTF",2020,"Pacific",0,Apr 2014,2014,1,122,879,3522,9272,7546,3175,23515,8108,2242,10350,33865,3,0,0,2,2,0,0,2,0,0,2,2,0,0,11,7,4,11,10,366097.030933985,1,1,0,1,1,0,6.19230976935421,2.78638738813894,4.17227725259547,3.77340723980386,6.74322772847023,0.812347684809098
"GTF",2021,"Pacific",0,Apr 2014,2014,0.5048,42,184.5,3915,10561,9836,3671,27983,9043,2342,11385,39368,4,0,0,3,3,0,0,3,0,0,3,3,0,0,6,1,0,6,5,0,1,1,0,1,1,0,4.51337014184163,1.16539365578123,1.92055718626098,0.904070488955076,6.24191211222873,1.94936315625971
"HUF",2005,"Mississippi",0,NA,NA,NA,NA,NA,76,1267,32234,3984,37561,40695,2674,43369,80930,4,0,0,0,0,0,0,1,0,0,0,0,0,0,0,0,0,0,0,0,0,0,0,0,0,0,4.97990388024402,2.71465475721354,4.97990388024402,2.71465475721354,0,0
"HUF",2006,"Mississippi",0,NA,NA,NA,NA,NA,110,1072,28645,3494,33321,33505,2189,35694,69015,2,0,0,1,1,0,0,2,0,0,1,1,0,0,0,0,0,0,0,0,0,0,0,0,0,0,1.61049193556879,1.61049193556879,1.61049193556879,1.61049193556879,0,0
"HUF",2007,"Mississippi",0,NA,NA,NA,NA,NA,252,686,24795,2297,28030,27237,1331,28568,56598,3,1,1,1,1,0,0,2,1,1,1,1,0,0,3,0,0,3,2,0,1,0,0,1,1,0,4.28780482909934,6.28650198105283,6.17407866847061,7.90379062409914,2.40153098972807,3.05192469496021
"HUF",2008,"Mississippi",0,NA,NA,NA,NA,NA,101,636,21884,916,23537,27994,361,28355,51892,1,0,0,0,0,0,0,0,0,0,0,0,0,0,0,0,0,0,0,0,0,0,0,0,0,0,2.71465475721354,0,2.71465475721354,0,0,0
"HUF",2009,"Mississippi",0,NA,NA,NA,NA,NA,60,912,19214,481,20667,19448,158,19606,40273,0,0,0,0,0,0,0,0,0,0,0,0,0,0,0,0,0,0,0,0,0,0,0,0,0,0,0,0,0,0,0,0
"HUF",2010,"Mississippi",0,NA,NA,NA,NA,NA,26,890,23527,611,25054,32368,362,32730,57784,0,0,0,0,0,0,0,0,0,0,0,0,0,0,0,0,0,0,0,0,0,0,0,0,0,0,0,0,0,0,0,0
"HUF",2011,"Mississippi",0,NA,NA,NA,NA,NA,26,783,17712,603,19124,21061,466,21527,40651,0,0,0,0,0,0,0,0,0,0,0,0,0,0,0,0,0,0,0,0,0,0,0,0,0,0,0,0,0,0,0,0
"HUF",2012,"Mississippi",0,NA,NA,NA,NA,NA,22,799,14542,689,16052,19223,373,19596,35648,1,1,1,0,0,0,0,1,1,1,0,0,0,0,0,0,0,0,0,0,0,0,0,0,0,0,2.71465475721354,2.71465475721354,2.71465475721354,2.71465475721354,0,0
"HUF",2013,"Mississippi",0,NA,NA,NA,NA,NA,91,698,15717,576,17082,20377,411,20788,37870,0,0,0,0,0,0,0,0,0,0,0,0,0,0,0,0,0,0,0,0,0,0,0,0,0,0,0,0,0,0,0,0
"HUF",2014,"Mississippi",0,NA,NA,NA,NA,NA,25,783,20496,639,21943,26346,508,26854,48797,1,0,0,0,0,0,0,0,0,0,0,0,0,0,0,0,0,0,0,0,0,0,0,0,0,0,4.97001727817868,0,4.97001727817868,0,0,0
"HUF",2015,"Mississippi",0,NA,NA,NA,NA,NA,31,651,25045,718,26445,38290,562,38852,65297,0,0,0,0,0,0,0,0,0,0,0,0,0,0,0,0,0,0,0,0,0,0,0,0,0,0,0,0,0,0,0,0
"HUF",2016,"Mississippi",0,NA,NA,NA,NA,NA,34,510,23677,474,24695,26149,186,26335,51030,5,1,0,4,3,0,95.2199581032184,5,1,0,4,3,0,95.2199581032184,0,0,0,0,0,0,0,0,0,0,0,0,1.2216996853235,1.2216996853235,1.2216996853235,1.2216996853235,0,0
"HUF",2017,"Mississippi",0,NA,NA,NA,NA,NA,24,962,21925,462,23373,26881,190,27071,50444,2,0,0,1,1,0,0,2,0,0,1,1,0,0,0,0,0,0,0,0,0,0,0,0,0,0,1.78235689454538,1.78235689454538,1.78235689454538,1.78235689454538,0,0
"HUF",2018,"Mississippi",0,NA,NA,NA,NA,NA,36,990,25097,531,26654,31661,154,31815,58469,5,2,0,1,0,1,0,2,0,0,1,0,0,0,0,0,0,0,0,0,0,0,0,0,0,0,9.35848708844056,2.08909624058002,9.35848708844056,2.08909624058002,0,0
"HUF",2019,"Mississippi",0,NA,NA,NA,NA,NA,14,1683,25960,326,27983,33139,169,33308,61291,4,0,0,1,1,0,0,1,0,0,1,1,0,0,0,0,0,0,0,0,0,0,0,0,0,0,2.81234645612074,0.850059031877214,2.81234645612074,0.850059031877214,0,0
"HUF",2020,"Mississippi",0,NA,NA,NA,NA,NA,9,1481,20380,195,22065,21590,82,21672,43737,1,1,0,0,0,0,0,1,1,0,0,0,0,0,0,0,0,0,0,0,0,0,0,0,0,0,2.71465475721354,2.71465475721354,2.71465475721354,2.71465475721354,0,0
"HUF",2021,"Mississippi",0,NA,NA,NA,NA,NA,47,2198,28069,902,31216,39456,199,39655,70871,2,1,1,1,1,0,0,1,1,1,1,1,0,0,0,0,0,0,0,0,0,0,0,0,0,0,2.91003815502795,0.850059031877214,2.91003815502795,0.850059031877214,0,0
"ILG",2005,"Atlantic",0,NA,NA,NA,NA,NA,70,3803,49380,2643,55896,70247,7969,78216,134112,3,0,0,3,1,0,0,3,0,0,3,1,0,0,0,0,0,0,0,0,0,0,0,0,0,0,11.2676477429849,11.2676477429849,11.2676477429849,11.2676477429849,0,0
"ILG",2006,"Atlantic",0,NA,NA,NA,NA,NA,735,5064,46235,4204,56238,67203,12613,79816,136054,8,0,0,5,0,0,0,6,0,0,4,0,0,0,0,0,0,0,0,0,0,0,0,0,0,0,13.2871928319563,14.6713245676286,13.2871928319563,14.6713245676286,0,0
"ILG",2007,"Atlantic",0,NA,NA,NA,NA,NA,836,5578,44072,4020,54506,54133,12499,66632,121138,3,0,0,2,1,0,0,3,0,0,2,1,0,0,1,0,0,0,0,0,0,0,0,0,0,0,0,1.52676275102069,1.52676275102069,1.52676275102069,0,0
"ILG",2008,"Atlantic",0,NA,NA,NA,NA,NA,242,4740,36698,4507,46187,27777,8931,36708,82895,3,1,1,2,0,0,0,1,0,0,1,0,0,0,7,1,0,3,2,0,3,1,0,1,1,0,0,0,12.4969002591724,19.2211055276382,0,0
"ILG",2009,"Atlantic",0,NA,NA,NA,NA,NA,21,3328,28065,3203,34617,20512,4662,25174,59791,5,0,0,2,1,0,0,4,0,0,1,1,0,0,6,2,1,2,2,12715.8871191642,5,2,1,1,1,12715.8871191642,0,0,5.81573031994981,3.38092777677091,0,0
"ILG",2010,"Atlantic",0,NA,NA,NA,NA,NA,44,3877,30878,2839,37638,22667,6032,28699,66337,3,3,2,2,2,116,4890.43606760874,3,3,2,2,2,116,4890.43606760874,16,7,0,15,14,0,5,3,0,5,5,0,0,8.29378405034386,17.4006657827363,17.4006657827363,0,2.82965501090841
"ILG",2011,"Atlantic",0,NA,NA,NA,NA,NA,39,3463,27160,2154,32816,20145,4026,24171,56987,6,1,0,6,5,0,243.852049542608,4,1,0,4,3,0,243.852049542608,1,0,0,1,1,0,0,0,0,0,0,0,7.66944778341026,9.1801690156793,7.43253756549379,9.1801690156793,9.09090909090909,0
"ILG",2012,"Atlantic",0,NA,NA,NA,NA,NA,25,3583,25837,3542,32987,15676,4861,20537,53524,12,0,0,11,11,0,0,12,0,0,11,11,0,0,16,11,1,15,11,88424.5631926916,13,10,1,12,10,88424.5631926916,0,0,1.27835168709006,1.27835168709006,0,0
"ILG",2013,"Atlantic",0,NA,NA,NA,NA,NA,763,3679,24049,3428,31919,19326,5438,24764,56683,7,1,0,4,4,1,0,7,1,0,4,4,1,0,0,0,0,0,0,0,0,0,0,0,0,0,2.0930514912898,2.0930514912898,2.0930514912898,2.0930514912898,0,0
"ILG",2014,"Atlantic",0,NA,NA,NA,NA,NA,1480,4062,23963,2967,32472,19190,5674,24864,57336,14,3,1,9,6,35,3861.74191592602,10,1,0,8,6,0,0,28,13,7,28,25,1406456.7037587,10,9,5,10,8,1379074.37908017,11.7730049659473,18.2886540314753,5.8094084494409,4.49056520007718,14.7548032242005,32.0867428628735
"ILG",2015,"Atlantic",0,NA,NA,NA,NA,NA,277,4597,20962,3412,29248,9525,4770,14295,43543,10,3,1,9,9,0,0,10,3,1,9,9,0,0,15,8,2,15,12,164984.87707197,3,2,0,3,3,0,3.38274676822457,3.44675164932025,4.254741365753,4.254741365753,2.80141703653895,0.753452594544413
"ILG",2016,"Atlantic",0,NA,NA,NA,NA,NA,54,4754,21417,3503,29728,12834,3219,16053,45781,8,2,0,3,1,1,0,4,1,0,3,1,1,0,20,11,4,20,15,2640665.27010728,5,5,4,5,5,2640665.27010728,14.3498611362692,36.0121961327425,7.10619660204534,8.66864869360538,17.2473269499588,57.8870340840523
"ILG",2017,"Atlantic",0,NA,NA,NA,NA,NA,17,4211,21048,3576,28852,10072,2329,12401,41253,8,2,2,7,6,72,273482.751877925,4,0,0,4,3,0,0,3,1,0,3,1,0,2,1,0,2,0,0,8.53161347721321,5.00641456469556,8.2411165852145,0.740888419271005,9.30627185587647,13.5374668555447
"ILG",2018,"Atlantic",0,NA,NA,NA,NA,NA,21,3855,22071,2781,28728,11175,1673,12848,41576,11,0,0,10,8,0,0,7,0,0,7,6,0,0,11,2,0,11,10,0,6,2,0,6,5,0,3.15331734918529,3.73783611196168,4.50167298436183,5.57204838396832,1.80496171400875,1.59792179462061
"ILG",2019,"Atlantic",0,NA,NA,NA,NA,NA,14,3547,22815,2881,29257,15911,2253,18164,47421,5,1,1,5,5,10,1191.89809652682,2,0,0,2,2,0,0,5,1,1,5,5,7325.40570125384,1,1,1,1,1,7325.40570125384,13.1141101711633,3.37475431748938,22.2143129160171,1.39971109406846,4.0139074263094,7.32484076433121
"ILG",2020,"Atlantic",0,NA,NA,NA,NA,NA,26,3010,17137,2882,23055,9118,2673,11791,34846,9,3,1,8,7,0,0,9,3,1,8,7,0,0,4,1,0,3,3,0,3,1,0,2,2,0,0,0,4.71370812308051,4.71370812308051,0,0
"ILG",2021,"Atlantic",0,NA,NA,NA,NA,NA,269,3468,20393,3218,27348,12206,1899,14105,41453,9,1,1,7,6,504,78715.8786345089,6,0,0,5,5,0,0,5,1,0,3,2,0,4,1,0,3,2,0,0,0,5.73436194573884,3.43043135598146,0,0
"LMT",2005,"Pacific",1,Jan 2017,2017,0.05,1,4,0,4763,4887,5317,14967,28561,10130,38691,53658,1,0,0,1,1,0,0,1,0,0,1,1,0,0,0,0,0,0,0,0,0,0,0,0,0,0,0.237247924080664,0.237247924080664,0.237247924080664,0.237247924080664,0,0
"LMT",2006,"Pacific",1,Jan 2017,2017,0.012,0,0,0,4867,2951,4816,12634,20253,9884,30137,42771,0,0,0,0,0,0,0,0,0,0,0,0,0,0,0,0,0,0,0,0,0,0,0,0,0,0,0,0,0,0,0,0
"LMT",2007,"Pacific",1,Jan 2017,2017,0.001,1,0.05,0,4495,2628,4008,11131,16735,8033,24768,35899,9,2,1,9,9,342,881753.478480733,8,1,0,8,8,6,0,6,0,0,6,5,0,4,0,0,4,3,0,5.37984041336654,1.89860438002817,5.94778471890166,2.11808707705705,4.52792395506386,1.45963898597043
"LMT",2008,"Pacific",1,Jan 2017,2017,0.0018,0,0,0,4910,6057,5529,16496,12551,5763,18314,34810,11,2,0,11,11,13,84935.115234302,11,2,0,11,11,13,84935.115234302,5,1,1,5,5,47211.1838029868,1,1,1,1,1,47211.1838029868,7.3292348808165,9.38957718798974,10.1904911593617,10.1904911593617,1.03447106801694,0.579523502897617
"LMT",2009,"Pacific",1,Jan 2017,2017,0.0115,0,0,25,5967,7659,3519,17170,7823,3226,11049,28219,8,1,1,7,7,336,170416.17760774,5,0,0,5,5,0,0,4,2,2,4,3,392903.018283526,2,0,0,2,2,0,8.1874190777284,1.762934582795,7.01807885530899,2.26557677034339,10.5260995225672,0.506329113924051
"LMT",2010,"Pacific",1,Jan 2017,2017,0.019,2,10.0166666666667,24,5871,8616,7468,21979,6034,6816,12850,34829,10,0,0,10,10,0,0,10,0,0,10,10,0,0,8,1,1,8,6,62432.7041065411,2,1,1,2,1,62432.7041065411,6.00951652989466,8.57027004876896,7.5507042948278,7.5507042948278,4.08303182372823,13.6680988184748
"LMT",2011,"Pacific",1,Jan 2017,2017,0.019,0,0,0,5376,9713,8141,23230,7124,7956,15080,38310,17,3,2,15,15,1007,501251.435170917,13,0,0,12,12,0,0,7,1,1,7,6,10892.0582129032,3,1,1,3,2,10892.0582129032,5.85235679715418,1.97737235131968,6.73742156722252,2.15840054973439,3.70291378413105,1.19291682485593
"LMT",2012,"Pacific",1,Jan 2017,2017,0.005,0,0,2,3418,9878,8289,21587,6140,7696,13836,35423,9,1,0,9,9,9,0,9,1,0,9,9,9,0,15,2,1,15,10,126564.823046023,1,0,0,1,0,0,2.88577807513067,3.9913579409495,4.09346200542792,4.09346200542792,2.16116771695232,3.07242136064375
"LMT",2013,"Pacific",1,Jan 2017,2017,0.05,4,21,11,3481,12018,9068,24578,7123,9996,17119,41697,9,3,1,9,9,11,35317.1407295187,8,2,1,8,8,5,32701.0562310358,10,0,0,10,10,0,3,0,0,3,3,0,8.41094740548601,11.3523664755658,8.50435129980402,7.12326113406724,8.32688390059981,22.6299807195619
"LMT",2014,"Pacific",1,Jan 2017,2017,0.091,4,50.5,0,3315,13658,9284,26257,9021,10739,19760,46017,8,0,0,8,7,0,0,8,0,0,8,7,0,0,7,1,1,6,4,23620.9880524141,1,0,0,1,1,0,0,0.422932719913942,0.446143319393102,0.446143319393102,0,0.237247924080664
"LMT",2015,"Pacific",1,Jan 2017,2017,0.031,4,23,0,2969,13504,9964,26437,18888,10436,29324,55761,7,0,0,7,7,0,0,7,0,0,7,7,0,0,11,2,2,9,7,636046.246267481,6,1,1,5,4,217862.733312548,0,0,1.83761002511575,1.83761002511575,0,0
"LMT",2016,"Pacific",1,Jan 2017,2017,0,5,30,2,2934,12973,9824,25733,14568,9093,23661,49394,12,1,1,11,10,24,0,11,1,1,10,10,24,0,6,1,1,6,4,3793.56313083222,1,0,0,1,0,0,5.12710186494607,7.37576890707198,5.24604847071539,5.65394885556178,4.88920865340742,26.3157894736842
"LMT",2017,"Pacific",1,Jan 2017,2017,0.01,180,859.5,9,4626,12790,8845,26270,13711,7076,20787,47057,14,0,0,14,14,0,0,14,0,0,14,14,0,0,7,2,2,7,5,4867.99298342707,3,2,2,3,3,4867.99298342707,6.10813426018081,7.18719886011955,6.71481621895427,6.71481621895427,4.89477034263388,9.39165118555753
"LMT",2018,"Pacific",1,Jan 2017,2017,1,178,1028.5,0,3491,10217,10480,24188,11464,6979,18443,42631,10,0,0,9,5,0,0,10,0,0,9,5,0,0,4,1,0,4,4,0,0,0,0,0,0,0,8.23179182445078,11.3615966430524,11.3615966430524,11.3615966430524,0.407279777946845,0
"LMT",2019,"Pacific",1,Jan 2017,2017,1,203,1287.5,0,3389,11591,9689,24669,10820,6217,17037,41706,12,1,1,12,9,36,27413.6562201169,11,0,0,11,8,0,0,6,3,3,6,6,966786.686831993,2,2,2,2,2,872068.9288972,1.46541837296416,1.58092881375738,0.527919769974487,0.539358315253801,3.34041557894351,7.30956655552706
"LMT",2020,"Pacific",1,Jan 2017,2017,1.0865,176,1206,4,3745,9423,8473,21645,9880,6487,16367,38012,10,0,0,10,9,0,0,10,0,0,10,9,0,0,1,0,0,1,1,0,0,0,0,0,0,0,2.36064807468207,2.59671288215028,2.59671288215028,2.59671288215028,0,0
"LMT",2021,"Pacific",1,Jan 2017,2017,1.1231,132,892.5,0,3104,9178,7750,20032,9766,5325,15091,35123,3,0,0,3,3,0,0,3,0,0,3,3,0,0,1,0,0,1,1,0,0,0,0,0,0,0,0.475656010949987,0.555125373239762,0.555125373239762,0.555125373239762,0.237247924080664,0
"MTN",2005,"Atlantic",0,Feb 2014,2014,0.006,2,7,0,3620,48670,4437,56727,28049,1080,29129,85856,1,0,0,1,0,0,0,0,0,0,0,0,0,0,0,0,0,0,0,0,0,0,0,0,0,0,15.5549404926654,0,15.5549404926654,0,0,0
"MTN",2006,"Atlantic",0,Feb 2014,2014,0.006,0,0,0,4130,47428,4290,55848,27471,1509,28980,84828,2,1,1,2,2,168,7558872.65763764,2,1,1,2,2,168,7558872.65763764,0,0,0,0,0,0,0,0,0,0,0,0,24.2312940095133,24.2312940095133,24.2312940095133,24.2312940095133,0,0
"MTN",2007,"Atlantic",0,Feb 2014,2014,0.019,1,3.5,0,3679,49214,4068,56961,25520,984,26504,83465,1,0,0,0,0,0,0,0,0,0,0,0,0,0,34,8,3,31,25,242667.374812683,13,5,0,13,12,0,0,2.78089170286875,2.71465475721354,0,0,2.78089170286875
"MTN",2008,"Atlantic",0,Feb 2014,2014,0.019,0,0,1,2524,44336,4758,51619,22948,980,23928,75587,0,0,0,0,0,0,0,0,0,0,0,0,0,0,13,5,2,13,12,528139.286794175,2,1,0,2,1,0,4.10356151335694,2.66615418314673,0,0,4.10356151335694,2.66615418314673
"MTN",2009,"Atlantic",0,Feb 2014,2014,0.019,2,6.5,3,1623,35623,3706,40955,21244,409,21653,62608,0,0,0,0,0,0,0,0,0,0,0,0,0,0,27,10,3,27,23,463571.766867829,7,6,1,7,6,107106.567626465,7.00201653071785,16.9117984945588,0,0,7.00201653071785,16.9117984945588
"MTN",2010,"Atlantic",0,Feb 2014,2014,0.019,4,14.5,5,1502,37471,2443,41421,21800,726,22526,63947,1,1,1,0,0,0,139.726744788821,0,0,0,0,0,0,0,11,6,0,11,8,0,3,1,0,3,3,0,2.19144602054255,0.778189075939273,2.71465475721354,0,2.1438815899361,0.778189075939273
"MTN",2011,"Atlantic",0,Feb 2014,2014,0.019,11,29.5,0,1510,38967,3137,43614,23016,761,23777,67391,1,1,0,0,0,1,0,0,0,0,0,0,0,0,6,1,0,5,4,0,2,1,0,1,0,0,0,0,2.71465475721354,0,0,0
"MTN",2012,"Atlantic",0,Feb 2014,2014,0.019,53,114,1,1813,40189,2235,44238,20618,678,21296,65534,1,1,0,0,0,2,0,0,0,0,0,0,0,0,1,0,0,1,1,0,0,0,0,0,0,0,4.60224743478654,0,2.71465475721354,0,6.48984011235955,0
"MTN",2013,"Atlantic",0,Feb 2014,2014,0.25,45,160.25,4,1611,40239,2943,44797,25669,859,26528,71325,2,1,0,1,1,1,0,1,0,0,1,1,0,0,7,1,1,7,6,210038.884171943,5,1,1,5,5,210038.884171943,5.70512463763035,6.30032880168945,9.9287739005298,8.08189655172414,4.49836770537337,5.94401525168251
"MTN",2014,"Atlantic",0,Feb 2014,2014,0.25,151,1006,0,1417,38825,2563,42805,30938,782,31720,74525,2,0,0,1,1,0,0,2,0,0,1,1,0,0,0,0,0,0,0,0,0,0,0,0,0,0,3.83153976090136,3.83153976090136,3.83153976090136,3.83153976090136,0,0
"MTN",2015,"Atlantic",0,Feb 2014,2014,0.25,189,932,4,1786,39139,2236,43165,31553,850,32403,75568,10,2,1,10,9,8,0,8,1,1,8,8,0,0,0,0,0,0,0,0,0,0,0,0,0,0,6.90597200507252,8.48264910730182,6.90597200507252,8.48264910730182,0,0
"MTN",2016,"Atlantic",0,Feb 2014,2014,0.25,374,5085.53333333333,0,1881,41146,2035,45062,33756,514,34270,79332,8,2,1,5,5,1,0,6,1,0,5,5,1,0,0,0,0,0,0,0,0,0,0,0,0,0,5.95816797325001,4.01900688122152,5.95816797325001,4.01900688122152,0,0
"MTN",2017,"Atlantic",0,Feb 2014,2014,0.25,239,1826.5,0,2342,40386,1865,44593,33053,628,33681,78274,4,1,0,4,3,0,0,3,0,0,3,3,0,0,0,0,0,0,0,0,0,0,0,0,0,0,10.968297912371,8.21736204061529,10.968297912371,8.21736204061529,0,0
"MTN",2018,"Atlantic",0,Feb 2014,2014,1,223,1502,0,2146,38956,1947,43049,39876,684,40560,83609,8,1,0,8,8,0,0,8,1,0,8,8,0,0,0,0,0,0,0,0,0,0,0,0,0,0,2.06694152335555,2.06694152335555,2.06694152335555,2.06694152335555,0,0
"MTN",2019,"Atlantic",0,Feb 2014,2014,1,342,1649.58333333333,0,2355,41752,1284,45391,42621,503,43124,88515,8,3,0,7,7,0,0,7,2,0,7,7,0,0,0,0,0,0,0,0,0,0,0,0,0,0,10.1314704502774,10.8688209034344,10.1314704502774,10.8688209034344,0,0
"MTN",2020,"Atlantic",0,Feb 2014,2014,1,409,1874.58333333333,24,2173,36365,1921,40483,32082,408,32490,72973,13,2,1,11,11,12,1412.60212966251,11,1,1,11,11,0,0,0,0,0,0,0,0,0,0,0,0,0,0,8.07600041968424,8.22706358630419,8.07600041968424,8.22706358630419,0,0
"MTN",2021,"Atlantic",0,Feb 2014,2014,1.5,335,1541,4,2817,44489,1597,48907,43348,509,43857,92764,5,0,0,5,4,0,0,4,0,0,4,4,0,0,0,0,0,0,0,0,0,0,0,0,0,0,0.847270183788112,0.711865507512917,0.847270183788112,0.711865507512917,0,0
"PDX",2005,"Pacific",1,NA,NA,NA,NA,NA,135552,89791,27982,6004,259329,2505,519,3024,262353,91,12,6,58,52,104,295885.172003708,65,6,2,54,49,56,194413.057017167,0,0,0,0,0,0,0,0,0,0,0,0,8.59748264474537,8.39338295940667,8.59748264474537,8.39338295940667,0,0
"PDX",2006,"Pacific",1,NA,NA,NA,NA,NA,139419,87720,27448,4800,259387,782,217,999,260386,105,9,5,81,79,66,521237.181852719,87,6,2,77,76,7,125722.193590892,0,0,0,0,0,0,0,0,0,0,0,0,7.02176162508825,6.18328058624313,7.02176162508825,6.18328058624313,0,0
"PDX",2007,"Pacific",1,NA,NA,NA,NA,NA,148844,84642,27160,3666,264312,463,41,504,269919,115,10,7,90,90,268,1196513.017694,96,7,5,86,86,24,28689.3190115014,2,0,0,2,2,0,1,0,0,1,1,0,7.62780355888011,6.6535729377792,7.70402761979664,6.65527848804399,3.24492005617978,6.48984011235955
"PDX",2008,"Pacific",1,NA,NA,NA,NA,NA,155167,68878,24517,3988,252550,1016,69,1085,270081,113,8,5,99,96,133,251137.564310038,99,4,3,93,90,24,30306.2647008529,2,1,1,2,2,43614.1816728141,1,0,0,1,1,0,6.07573052296314,5.45998597703274,6.15311017599986,5.48477912345858,1.70378012638818,3.00546448087432
"PDX",2009,"Pacific",1,NA,NA,NA,NA,NA,145218,56471,19810,4089,225588,1004,134,1138,226726,83,10,3,54,48,967,204563.319195891,48,3,1,44,40,2,12277.0654618243,0,0,0,0,0,0,0,0,0,0,0,0,8.93705246565092,7.29624432908168,8.93705246565092,7.29624432908168,0,0
"PDX",2010,"Pacific",1,NA,NA,NA,NA,NA,143873,54779,19400,3791,221843,1184,41,1225,223068,63,5,3,49,46,24,0,43,3,1,43,42,0,0,5,0,0,5,5,0,5,0,0,5,5,0,6.26350548147021,5.12686700886038,6.75046077847606,5.70814587742595,0.12786873919654,0.12786873919654
"PDX",2011,"Pacific",1,NA,NA,NA,NA,NA,144534,45574,24026,3537,217671,1475,51,1526,219197,70,3,1,62,56,0,341392.869359651,57,3,1,55,52,0,341392.869359651,7,0,0,6,6,0,5,0,0,4,4,0,0,0,6.24899241314305,5.98239914929871,0,0
"PDX",2012,"Pacific",1,NA,NA,NA,NA,NA,149373,39836,19916,4531,213656,2533,6,2539,216195,111,11,5,92,86,134,649038.735915232,78,6,2,73,70,51,502020.158315856,2,1,1,2,2,2123.54858772074,2,1,1,2,2,2123.54858772074,6.4185154571587,5.85963404860026,6.33958718632962,5.7329827552779,10.7990344881724,10.7990344881724
"PDX",2013,"Pacific",1,NA,NA,NA,NA,NA,153027,35454,15082,4064,207627,2261,21,2282,209909,85,7,4,74,72,224,121046.229744802,58,3,1,56,55,24,2367.55647112699,2,0,0,2,2,0,2,0,0,2,2,0,7.48227853994051,4.75339232432852,7.65399892764229,4.91095198852553,0.184162062615101,0.184162062615101
"PDX",2014,"Pacific",1,NA,NA,NA,NA,NA,161547,30643,16068,4592,212850,3369,34,3403,216253,105,11,5,83,75,508,320846.390848187,75,4,1,65,61,12,16734.2149690127,6,3,2,6,6,17197.6239989239,3,1,0,3,3,0,5.61857707511311,4.70161451788083,5.52541004719034,4.87220548982636,7.24900006376161,0.436840219242707
"PDX",2015,"Pacific",1,NA,NA,NA,NA,NA,166465,25636,18070,3461,213632,4355,34,4389,218021,103,4,2,88,84,212,7065663.39994279,70,1,1,66,63,9,54898.9608410984,0,0,0,0,0,0,0,0,0,0,0,0,5.51739070170138,5.00753641372892,5.51739070170138,5.00753641372892,0,0
"PDX",2016,"Pacific",1,NA,NA,NA,NA,NA,178741,26340,15837,3858,224776,2927,6,2933,227709,115,7,4,91,87,38,35126.0077445566,81,3,1,70,69,2,0,3,1,1,3,2,16339.7448105123,2,0,0,2,1,0,7.04335144921085,4.98336157342862,7.15581811578586,5.02928377851023,2.73212923050221,3.12351226762346
"PDX",2017,"Pacific",1,NA,NA,NA,NA,NA,185560,23166,14813,4097,227636,1266,47,1313,228949,96,10,5,75,69,234,396428.166088064,53,4,3,53,50,66,53702.0676414835,1,1,1,1,1,31311.2888831872,1,1,1,1,1,31311.2888831872,6.05830829121451,4.22291811189806,6.12141566924799,4.30259581212256,0,0
"PDX",2018,"Pacific",1,NA,NA,NA,NA,NA,193177,20661,14388,3517,231743,2247,3,2250,233993,82,12,10,66,64,715,1027960.87559792,37,2,2,35,35,120,612820.496018123,3,0,0,3,3,0,1,0,0,1,1,0,8.32963944994983,7.79073076713255,8.53736484694988,7.92850559209224,2.65181193194847,2.69306224362404
"PDX",2019,"Pacific",1,NA,NA,NA,NA,NA,195747,20634,15589,3870,235840,2537,7,2544,238384,107,13,6,81,77,54.2,143027.771583219,57,6,5,53,50,49.5,142789.391963913,4,0,0,4,2,0,0,0,0,0,0,0,7.39467645471341,6.87050574929866,7.60992661663551,6.87050574929866,1.63673462329738,0
"PDX",2020,"Pacific",1,NA,NA,NA,NA,NA,113740,19981,11233,2347,147301,3517,36,3553,150854,83,9,2,69,68,21,68052.1075964916,70,5,2,63,62,18,65685.9990293069,4,2,2,4,4,600.355905106568,3,2,2,3,3,600.355905106568,5.68619458894151,4.91941541919079,5.9249150217693,5.08837633099811,0.73274560776484,0.976994143686453
"PDX",2021,"Pacific",1,NA,NA,NA,NA,NA,129487,21644,13628,2972,167731,2878,18,2896,170627,108,17,12,88,82,239.5,1364854.61964375,73,5,2,70,67,102,863063.383599794,0,0,0,0,0,0,0,0,0,0,0,0,6.65088328318828,5.47290865215767,6.65088328318828,5.47290865215767,0,0
"PHX",2005,"Pacific",0,NA,NA,NA,NA,NA,409711,96235,41340,2893,550179,13275,82,13357,563536,93,5,2,62,61,6,71527.9631937703,66,2,1,58,57,6,48050.4623483774,0,0,0,0,0,0,0,0,0,0,0,0,8.87861453598654,9.07583220688656,8.87861453598654,9.07583220688656,0,0
"PHX",2006,"Pacific",0,NA,NA,NA,NA,NA,411928,87352,31960,2811,534051,12347,112,12459,546510,93,0,0,63,59,0,0,70,0,0,61,57,0,0,0,0,0,0,0,0,0,0,0,0,0,0,5.37384448115964,4.74218523080828,5.37384448115964,4.74218523080828,0,0
"PHX",2007,"Pacific",0,NA,NA,NA,NA,NA,408697,92265,31887,2924,535773,9379,83,9462,551666,98,5,1,62,60,2,1616.54804388134,73,1,0,61,59,0,1469.58913080122,0,0,0,0,0,0,0,0,0,0,0,0,5.27448305590121,4.25064135132772,5.27448305590121,4.25064135132772,0,0
"PHX",2008,"Pacific",0,NA,NA,NA,NA,NA,391727,88177,28919,2734,511557,1949,25,1974,524177,78,2,1,53,52,1,0,52,0,0,52,51,0,0,2,0,0,2,1,0,1,0,0,1,1,0,4.50162441516989,2.7599595493671,4.53728109684275,2.7524663426393,3.11101382992817,3.1496062992126
"PHX",2009,"Pacific",0,NA,NA,NA,NA,NA,366132,66271,21398,2554,456355,841,11,852,457207,77,5,2,43,38,11,52045.1006414039,45,0,0,37,34,0,0,2,0,0,2,2,0,1,0,0,1,1,0,5.61382602651778,3.72221738860712,5.74648828398775,3.79368157248896,0.506329113924051,0.506329113924051
"PHX",2010,"Pacific",0,NA,NA,NA,NA,NA,363514,61387,21100,2505,448506,819,26,845,449351,83,5,5,48,45,56,97808.7213521748,45,1,1,40,37,48,27945.3489577642,5,2,0,4,3,0,4,2,0,3,2,0,0,0,5.77330244216019,4.32346474822991,0,0
"PHX",2011,"Pacific",0,NA,NA,NA,NA,NA,375105,63796,19987,2500,461388,595,6,601,461989,59,3,1,34,32,169,406.420082571013,25,0,0,22,22,0,0,14,5,0,12,6,0,8,5,0,7,3,0,0,0,5.93365022457713,4.30711520164032,0,0
"PHX",2012,"Pacific",0,NA,NA,NA,NA,NA,353250,72479,21563,2732,450024,174,6,180,450204,48,1,1,21,21,0,0,21,0,0,18,18,0,0,9,3,0,8,8,0,9,3,0,8,8,0,0,0,5.19263668881745,5.20231958742253,0,0
"PHX",2013,"Pacific",0,NA,NA,NA,NA,NA,346968,65966,20768,2372,436074,95,15,110,436184,58,4,1,30,29,5,20013.0464133939,29,1,1,26,26,3,19620.6337386215,7,0,0,7,6,0,1,0,0,1,1,0,4.05112780120075,2.6530816642845,3.90942808305799,2.71655524978365,5.2252111800979,0.812347684809098
"PHX",2014,"Pacific",0,NA,NA,NA,NA,NA,352732,54599,20561,2549,430441,18,2,20,430461,65,2,1,36,33,0,128.724730530867,26,0,0,25,25,0,0,5,1,0,5,5,0,0,0,0,0,0,0,5.50225695749797,5.78447067689464,5.85777691613864,5.78447067689464,0.880497495169186,0
"PHX",2015,"Pacific",0,NA,NA,NA,NA,NA,360675,54261,22436,2909,440281,117,13,130,440411,71,6,2,36,32,170,11911.9173815638,27,2,0,26,25,0,0,3,1,1,3,3,7115.0081802023,1,0,0,1,1,0,4.75067303145633,4.60475491442366,4.87131240349401,4.58343863104048,1.89554122656449,5.18029456576943
"PHX",2016,"Pacific",0,NA,NA,NA,NA,NA,361395,55838,20815,2540,440588,42,13,55,440643,71,4,3,32,29,46,200596.711737447,28,0,0,20,20,0,0,10,1,0,9,8,0,5,1,0,4,4,0,0,0,5.60344806698094,5.08792838448766,0,0
"PHX",2017,"Pacific",0,NA,NA,NA,NA,NA,378911,28747,21014,2296,430968,0,0,0,430968,51,5,1,29,24,2,372.93102528808,22,2,0,17,15,0,372.93102528808,6,1,1,6,6,13997.3444824793,1,0,0,1,1,0,5.62769735230906,5.84459531144512,5.78614999024547,6.06563816886135,4.28084992984956,0.981652448287951
"PHX",2018,"Pacific",0,NA,NA,NA,NA,NA,383988,27673,20368,2223,434252,0,0,0,434252,55,1,1,27,26,0,0,22,0,0,17,17,0,0,1,0,0,1,1,0,0,0,0,0,0,0,4.51038487119215,3.53500789794978,4.53512629977359,3.53500789794978,3.1496062992126,0
"PHX",2019,"Pacific",0,NA,NA,NA,NA,NA,385461,30935,20401,2094,438891,0,0,0,438891,54,6,3,28,25,1.5,0,18,0,0,15,14,0,0,4,0,0,4,2,0,0,0,0,0,0,0,5.64431007256292,5.50086062581326,5.88465038926851,5.50086062581326,2.39971579703743,0
"PHX",2020,"Pacific",0,NA,NA,NA,NA,NA,260343,30628,17371,1982,310324,0,0,0,310324,17,3,2,8,7,0.5,0,7,0,0,5,5,0,0,4,0,0,4,4,0,2,0,0,2,2,0,7.3468902216007,1.77080796817184,8.95738301373007,2.13208764081406,0.502295855050881,0.506329113924051
"PHX",2021,"Pacific",0,NA,NA,NA,NA,NA,350219,32382,23583,2101,408285,0,0,0,408285,45,5,0,17,13,3.3,899.610041537245,7,0,0,4,4,0,0,3,0,0,3,3,0,0,0,0,0,0,0,5.44052656195046,2.69160137289051,5.63996161775631,2.69160137289051,2.44900072486279,0
"PIA",2005,"Mississippi",0,Mar 2011,2011,0.001,0,0,3482,17903,19255,6378,47018,7948,3529,11477,58495,1,0,0,0,0,0,0,0,0,0,0,0,0,0,0,0,0,0,0,0,0,0,0,0,0,0,11.7756512493355,0,11.7756512493355,0,0,0
"PIA",2006,"Mississippi",0,Mar 2011,2011,0.001,0,0,3477,14070,18169,6099,41815,7304,2910,10214,52029,11,5,3,6,4,27,211.648434413854,6,2,0,4,3,3,211.648434413854,0,0,0,0,0,0,0,0,0,0,0,0,13.4993330221454,1.84026225848217,13.4993330221454,1.84026225848217,0,0
"PIA",2007,"Mississippi",0,Mar 2011,2011,0.001,0,0,4274,14741,17228,6262,42505,5416,3136,8552,51057,5,1,0,0,0,0,0,3,1,0,0,0,0,0,46,9,1,43,31,89398.0460048999,7,3,0,6,6,0,0,0,4.52685405563792,2.71465475721354,0,0
"PIA",2008,"Mississippi",0,Mar 2011,2011,0.001,0,0,3491,15836,16866,5665,41858,5063,3158,8221,50079,5,0,0,0,0,0,0,1,0,0,0,0,0,0,36,4,3,33,29,92944.4966008967,4,2,2,3,3,23929.0531320107,0,0,8.15125265248669,2.71465475721354,0,0
"PIA",2009,"Mississippi",0,Mar 2011,2011,0.022,0,0,3508,14998,13744,3654,35904,2628,2918,5546,41450,27,1,1,18,18,0,0,20,0,0,17,17,0,0,43,20,3,42,37,1065.10111004838,18,13,1,17,15,445.92233140692,0,0,3.39694684534156,1.79521132541132,0,0
"PIA",2010,"Mississippi",0,Mar 2011,2011,0.005,0,0,3045,13871,13268,3675,33859,1841,1971,3812,37671,39,0,0,28,27,0,0,36,0,0,27,26,0,0,20,4,0,19,19,0,5,3,0,5,5,0,0,4.45093255169564,4.14244781076989,3.36816057345263,0,12.2468907950453
"PIA",2011,"Mississippi",0,Mar 2011,2011,0.478,111,1698,2410,14379,13590,3855,34234,4606,4530,9136,43370,9,0,0,6,6,0,0,8,0,0,6,6,0,0,39,10,0,39,35,0,10,4,0,10,10,0,1.72140333401933,1.87862504213512,2.203263333534,2.13933940557406,1.61020487259286,1.67005355138397
"PIA",2012,"Mississippi",0,Mar 2011,2011,0.915,178,1409,2684,15918,13713,3766,36081,6576,4940,11516,47597,17,4,1,11,8,1,0,12,3,0,10,8,1,0,27,11,0,27,21,0,3,3,0,3,3,0,3.85378592524182,2.90339112117093,5.05615477418823,1.54996484856743,3.09673887220149,8.31709621158497
"PIA",2013,"Mississippi",0,Mar 2011,2011,1.168,140,1147.5,2663,14907,11525,2897,31992,4060,3244,7304,39296,23,2,0,16,15,3,0,13,0,0,11,11,0,0,12,8,4,12,12,249380.870902378,2,2,0,2,2,0,7.61147336114609,2.66635074166148,5.47595603086089,1.94816994204369,11.7045482441927,7.3345259391771
"PIA",2014,"Mississippi",0,Mar 2011,2011,0.831,154,1334.66666666667,2945,14681,11190,4012,32828,4140,2704,6844,39672,39,5,1,31,30,5,25.7449461061734,35,4,0,31,30,4,0,16,9,0,16,14,0,3,3,0,3,2,0,2.26351142363478,2.14396325464853,1.43045705279168,1.21925267168732,4.29408145256483,12.9322533891959
"PIA",2015,"Mississippi",0,Mar 2011,2011,0.88,162,1331.33333333333,2463,14398,11893,4473,33227,3033,3241,6274,39501,49,4,2,37,37,3,0,41,2,1,35,35,2,0,9,2,1,9,8,4937.04940585053,3,1,0,3,3,0,2.71904148819751,2.29120963841426,2.81954864064325,2.40260413232796,2.17183588043734,0.768818221593687
"PIA",2016,"Mississippi",0,Mar 2011,2011,1.134,193,1608,2365,13603,12363,4398,32729,3719,3192,6911,39640,39,5,5,34,34,12,0,31,0,0,28,28,0,0,7,3,0,7,7,0,1,1,0,1,1,0,5.16095273568943,1.91588057682076,5.95510088172289,1.95026191698023,0.736413064931593,0.850059031877214
"PIA",2017,"Mississippi",0,Mar 2011,2011,1.192,182,1472.75,3787,12698,11620,3986,32091,5976,3428,9404,41495,47,2,0,41,39,1,0,37,1,0,37,35,0,0,40,17,3,37,32,1909.40684947497,12,9,3,11,10,1909.40684947497,0,0,2.61957482892861,1.29963007816792,0,0
"PIA",2018,"Mississippi",0,Mar 2011,2011,1.046,180,1293.25,3946,11659,11128,3200,29933,4173,2730,6903,36836,42,2,2,34,33,12,0,34,0,0,31,30,0,0,33,11,8,29,26,110865.902012308,7,3,1,6,6,7232.49535894656,0,0,3.05406234349221,1.38881355457735,0,0
"PIA",2019,"Mississippi",0,Mar 2011,2011,1.19,201,1444.16666666667,5193,9753,12575,3427,30948,5828,2920,8748,39696,35,4,2,26,26,1.5,0,28,2,1,23,23,1,0,22,13,7,21,19,370385.909189999,3,3,0,3,3,0,0,1.83470520124194,2.0265797519168,1.86606982257494,0,1.54196873546725
"PIA",2020,"Mississippi",0,Mar 2011,2011,1.1745,209,1156,4397,5547,11595,3898,25437,6328,3823,10151,35588,40,1,0,34,33,0,0,37,1,0,33,32,0,0,13,6,0,13,13,0,2,2,0,2,2,0,1.86903653788803,1.94416192515473,2.00428444204703,1.99361862393075,1.45288914047572,1.0292129977984
"PIA",2021,"Mississippi",0,Mar 2011,2011,0.8144,140,680,6183,5070,15402,4686,31341,9160,4300,13460,44801,50,4,0,42,42,2,0,48,4,0,40,40,2,0,30,17,7,29,22,80031.5583202571,9,9,0,9,9,0,0,2.42868458098337,2.64500104641112,2.738455432849,0,0.776573371033368
"SLC",2005,"Pacific",0,May 2008,2008,0.3,3,11,168433,210858,68185,2739,450215,4985,14,4999,455214,94,8,8,67,59,56,0,60,0,0,52,47,0,0,0,0,0,0,0,0,0,0,0,0,0,0,7.2168211657116,2.82204825106469,7.2168211657116,2.82204825106469,0,0
"SLC",2006,"Pacific",0,May 2008,2008,0.3,4,7.5,165035,186202,64136,1919,417292,2188,8,2196,419488,165,19,14,119,113,60,1623381.28631755,118,4,1,100,97,9,0,0,0,0,0,0,0,0,0,0,0,0,0,7.74244579744983,4.55531278222452,7.74244579744983,4.55531278222452,0,0
"SLC",2007,"Pacific",0,May 2008,2008,0.3,0,0,166850,187527,65785,2075,422237,9,0,9,424747,99,20,13,63,56,136,559632.767311282,51,6,3,39,37,74,72990.0833595043,26,7,2,25,18,11085.1108136336,8,3,1,7,5,3944.37722707048,0,0,10.1177842871431,7.47896105702625,0,0
"SLC",2008,"Pacific",0,May 2008,2008,0.3,49,134.5,169218,161157,59176,2076,391627,458,0,458,395870,89,11,9,63,56,221,4713898.89550376,57,3,2,43,42,29,4529872.81249611,14,7,1,13,11,360962.915063752,6,4,0,6,6,0,0,4.47027026761778,9.56815487040385,4.42178615563731,0,4.93086933143222
"SLC",2009,"Pacific",0,May 2008,2008,1.2,126,560.666666666667,175142,136849,58167,2078,372236,444,0,444,372680,123,16,10,78,74,65,710635.460624277,74,4,3,56,54,6,497047.184689243,13,3,0,12,11,0,3,2,0,2,2,0,0,0,7.8833802113137,4.0324244749337,0,0
"SLC",2010,"Pacific",0,May 2008,2008,1.2,51,116.5,180928,122506,57887,2023,363344,2235,0,2235,365579,148,18,13,116,113,326,2592782.0517084,93,2,1,79,77,1,419.180234366464,1,0,0,1,1,0,1,0,0,1,1,0,6.46196630133784,2.78171505710918,6.4907236253135,2.78790680661636,2.20588235294118,2.20588235294118
"SLC",2011,"Pacific",0,May 2008,2008,1.2,110,506,176447,108090,57726,4791,347054,11900,10,11910,358964,123,16,11,102,97,344,661256.312211907,85,6,3,81,78,85,19508.1639634086,1,0,0,0,0,0,0,0,0,0,0,0,0,5.19984904073279,7.98696898002637,5.19984904073279,0,0
"SLC",2012,"Pacific",0,May 2008,2008,1.2,125,705,175228,91571,56395,2193,325387,3568,11,3579,328966,207,18,11,195,185,228,1480378.80921482,151,0,0,147,142,0,0,1,1,0,1,1,0,1,1,0,1,1,0,5.55376053315551,1.74804295476941,5.57864780253355,1.75695651227184,0.402095771902035,0.402095771902035
"SLC",2013,"Pacific",0,May 2008,2008,1.2,145,622.5,176036,89359,60110,2011,327516,2864,16,2880,330396,168,17,10,151,145,1049,817302.730551276,114,3,2,111,111,2,392.41267477243,5,0,0,5,5,0,1,0,0,1,1,0,6.18322139102987,2.78225574521235,6.26994510226698,2.74240850820253,3.26930469346285,7.32484076433121
"SLC",2014,"Pacific",0,May 2008,2008,1.2,174,1191,180475,85199,54050,2225,321949,3492,38,3530,325479,266,13,13,226,219,314,1080884.82805272,220,3,3,199,197,42,128149.330985394,14,1,0,14,10,0,0,0,0,0,0,0,4.51883272755052,2.9329156453544,4.29760251851518,2.9329156453544,8.72220669922191,0
"SLC",2015,"Pacific",0,May 2008,2008,1.2,149,810,185016,75401,42565,5969,308951,2776,40,2816,311767,218,15,12,192,181,38,1944080.20133905,157,1,1,147,146,0,0,20,2,1,20,19,875.554855568805,19,2,1,19,18,875.554855568805,5.11226250870107,3.29106097747588,5.32596759378711,3.34966064366649,2.6602778482402,2.77994166681332
"SLC",2016,"Pacific",0,May 2008,2008,1.2,93,2070,198575,72937,39335,7204,318051,2202,6,2208,320259,178,16,11,148,132,72,111742.525233289,115,2,0,104,99,0,0,2,0,0,2,1,0,2,0,0,2,1,0,6.03350256252632,3.37922681349589,6.0840339319893,3.41127926798587,1.53621068032187,1.53621068032187
"SLC",2017,"Pacific",0,May 2008,2008,1.2,103,2440,210768,67436,39070,7227,324501,2777,14,2791,327292,141,18,14,115,103,69,311559.009559838,67,1,1,64,61,24,8701.72392338853,14,2,2,14,14,18845.4478112243,2,2,2,2,2,18845.4478112243,7.95516814782799,5.63817084035706,8.12467477651105,4.71437397428836,6.24799424466292,36.5853658536585
"SLC",2018,"Pacific",0,May 2008,2008,1.2,112,2688,224505,59480,42000,6419,332404,4987,13,5000,337404,236,16,15,197,189,2728.5,470840.301891152,168,2,1,147,143,2,29124.1423850197,1,1,0,1,1,0,1,1,0,1,1,0,5.81405475465523,3.02377104747468,5.83654511753969,3.03875582088867,0.506329113924051,0.506329113924051
"SLC",2019,"Pacific",0,May 2008,2008,1.2,182,4284,231238,57191,47711,4064,340204,4557,4,4561,344765,195,22,14,153,149,212,1207869.53102028,104,4,0,97,95,42,0,0,0,0,0,0,0,0,0,0,0,0,0,7.52608219708534,3.713663433109,7.52608219708534,3.713663433109,0,0
"SLC",2020,"Pacific",0,May 2008,2008,1.0808,148,3306,174782,47817,46918,2883,272400,4268,148,4416,276816,141,12,8,119,111,33.25,2354.33688277086,108,4,2,99,96,8.25,0,3,2,2,3,2,236803.912342858,1,1,1,1,1,208396.483515345,5.96075527392238,3.65745215344528,5.91209272850256,3.6859514928022,8.24789490865404,0.579523502897617
"SLC",2021,"Pacific",0,May 2008,2008,1,100,3000,229211,58946,50546,2934,341637,864,4,868,342505,160,16,13,137,126,1454.3,6424479.64868429,99,1,1,96,92,0,0,3,0,0,3,3,0,2,0,0,2,2,0,9.00737269158187,4.72487677180156,9.14576969120496,4.7795741179136,1.62619937835038,2.01735813925552
"STJ",2005,"Mississippi",0,Nov 2007,2007,0,0,0,14,458,14043,4804,19319,7194,4043,11237,30556,0,0,0,0,0,0,0,0,0,0,0,0,0,0,0,0,0,0,0,0,0,0,0,0,0,0,0,0,0,0,0,0
"STJ",2006,"Mississippi",0,Nov 2007,2007,0,0,0,19,540,15127,5455,21141,8760,4813,13573,34714,0,0,0,0,0,0,0,0,0,0,0,0,0,0,0,0,0,0,0,0,0,0,0,0,0,0,0,0,0,0,0,0
"STJ",2007,"Mississippi",0,Nov 2007,2007,0.004,0,0,13,562,13303,4789,18667,6799,6548,13347,32014,1,1,0,0,0,0,0,1,1,0,0,0,0,0,16,13,2,14,13,177.820284826948,5,3,0,4,4,0,0,0,11.7756512493355,11.7756512493355,0,0
"STJ",2008,"Mississippi",0,Nov 2007,2007,0.015,9,25,17,458,12247,5367,18089,7467,6913,14380,32469,0,0,0,0,0,0,0,0,0,0,0,0,0,0,13,9,3,12,10,302374.672575131,4,3,0,4,3,0,0,3.95273038449239,0,0,0,3.95273038449239
"STJ",2009,"Mississippi",0,Nov 2007,2007,1,549,2157.33333333333,8,495,13639,7170,21312,8250,5543,13793,35105,1,0,0,0,0,0,0,1,0,0,0,0,0,0,11,4,0,6,6,0,6,3,0,3,3,0,0,0,2.71465475721354,2.71465475721354,0,0
"STJ",2010,"Mississippi",0,Nov 2007,2007,1,372,1437.25,54,469,12549,6031,19103,7826,7300,15126,34229,0,0,0,0,0,0,0,0,0,0,0,0,0,0,15,6,3,7,7,200569.358539665,8,3,2,3,3,132477.721269177,0,0,0,0,0,0
"STJ",2011,"Mississippi",0,Nov 2007,2007,1,309,1319,54,317,12179,4825,17375,6491,3699,10190,27565,0,0,0,0,0,0,0,0,0,0,0,0,0,0,4,2,1,3,3,22193.2459755945,2,1,0,1,1,0,0,0,0,0,0,0
"STJ",2012,"Mississippi",0,Nov 2007,2007,1,374,1494,19,381,11135,6847,18382,4722,4654,9376,27758,0,0,0,0,0,0,0,0,0,0,0,0,0,0,12,4,4,6,6,5032394.73370568,7,3,3,3,3,4843988.19413163,0,0,0,0,0,0
"STJ",2013,"Mississippi",0,Nov 2007,2007,1,374,1281,8,214,9002,3179,12403,5180,4642,9822,22225,0,0,0,0,0,0,0,0,0,0,0,0,0,0,14,11,3,11,9,395599.065691582,5,4,0,4,4,0,0,0,0,0,0,0
"STJ",2014,"Mississippi",0,Nov 2007,2007,1,147,906,9,211,8442,3257,11919,3807,3957,7764,19683,2,0,0,2,2,0,0,2,0,0,2,2,0,0,18,5,1,6,6,145945.524981287,9,3,0,3,3,0,0,0,0.402095771902035,0.402095771902035,0,0
"STJ",2015,"Mississippi",0,Nov 2007,2007,1,174,993,4,230,8913,3331,12478,4139,3514,7653,20131,12,0,0,12,9,0,0,12,0,0,12,9,0,0,12,1,0,1,1,0,9,1,0,1,1,0,0,0,1.55132252009328,1.55132252009328,0,0
"STJ",2016,"Mississippi",0,Nov 2007,2007,1,185,1355.5,20,273,9023,4131,13447,3639,5685,9324,22771,8,0,0,8,8,0,0,8,0,0,8,8,0,0,29,3,0,17,14,0,13,1,0,9,9,0,0,0,1.95454269632138,1.95454269632138,0,0
"STJ",2017,"Mississippi",0,Nov 2007,2007,1,233,1730,10,279,8111,3491,11891,4667,4820,9487,21378,11,1,0,9,9,0,0,9,1,0,8,8,0,0,24,8,4,21,20,369669.121920227,18,3,0,16,15,0,0,0,2.81933049230544,2.09276537712471,0,0
"STJ",2018,"Mississippi",0,Nov 2007,2007,1,229,1766,14,379,8424,2716,11533,5055,3135,8190,19723,5,0,0,5,3,0,0,5,0,0,5,3,0,0,8,8,1,8,7,29068.3211121151,7,7,0,7,7,0,4.59959838399328,2.31042557173042,0.584432194164582,0.584432194164582,7.10907725263621,3.54327798427745
"STJ",2019,"Mississippi",0,Nov 2007,2007,1,224,1781,10,332,8418,2546,11306,5943,4403,10346,21652,7,0,0,6,6,0,0,7,0,0,6,6,0,0,4,2,2,3,2,42371.9773315285,2,0,0,1,0,0,0,0,0.99496346721029,0.99496346721029,0,0
"STJ",2020,"Mississippi",0,Nov 2007,2007,1,231,1885,0,303,5904,2120,8327,4858,3352,8210,16537,5,2,0,4,4,3,0,4,1,0,4,4,0,0,7,3,1,5,3,7861.13085157189,4,1,0,3,2,0,0,0,5.28853026930904,5.93199914733292,0,0
"STJ",2021,"Mississippi",0,Nov 2007,2007,1.0803,135,1084,3,384,7807,2955,11149,5876,4432,10308,21457,4,0,0,2,2,0,0,4,0,0,2,2,0,0,7,0,0,2,2,0,1,0,0,0,0,0,0,0,1.68392060303446,1.68392060303446,0,0
"SUX",2005,"Mississippi",0,May 2013,2013,0.1,10,16,48,5465,15744,4006,25263,4922,1842,6764,32027,0,0,0,0,0,0,0,0,0,0,0,0,0,0,0,0,0,0,0,0,0,0,0,0,0,0,0,0,0,0,0,0
"SUX",2006,"Mississippi",0,May 2013,2013,0.6,3,16,47,4117,14733,4190,23087,2796,1563,4359,27446,1,0,0,1,1,0,0,1,0,0,1,1,0,0,0,0,0,0,0,0,0,0,0,0,0,0,0.402095771902035,0.402095771902035,0.402095771902035,0.402095771902035,0,0
"SUX",2007,"Mississippi",0,May 2013,2013,0.2,0,0,333,3721,13553,2497,20104,3094,1003,4097,24201,1,0,0,1,0,0,0,1,0,0,1,0,0,0,12,7,1,12,11,52.905208708844,5,3,1,5,4,52.905208708844,1.34688224859821,1.07348486046196,1.46353772394651,1.46353772394651,1.33716095898585,0.995474287765051
"SUX",2008,"Mississippi",0,May 2013,2013,1,12,31,696,3894,13604,2821,21015,3254,1137,4391,25406,0,0,0,0,0,0,0,0,0,0,0,0,0,0,16,5,0,15,8,0,9,5,0,8,3,0,0,0,0,0,0,0
"SUX",2009,"Mississippi",0,May 2013,2013,1,30,74.5,57,3507,12380,2769,18713,2739,1030,3769,22482,3,2,2,1,0,0,0,0,0,0,0,0,0,0,32,3,0,28,21,0,17,3,0,15,12,0,0,0,22.9104591450401,0,0,0
"SUX",2010,"Mississippi",0,May 2013,2013,1,22,55,40,2833,9914,2669,15456,2381,1007,3388,18844,1,0,0,0,0,0,0,1,0,0,0,0,0,0,16,5,2,15,15,3884.40350512923,5,2,0,5,5,0,0,2.43227355393413,4.97001727817868,4.97001727817868,0,1.92472480908522
"SUX",2011,"Mississippi",0,May 2013,2013,0.5,11,35,34,2787,10210,2503,15534,1536,382,1918,17452,0,0,0,0,0,0,0,0,0,0,0,0,0,0,10,1,0,10,9,0,5,0,0,5,5,0,1.0082036694458,0.646587163586391,0,0,1.0082036694458,0.646587163586391
"SUX",2012,"Mississippi",0,May 2013,2013,0.5,25,56.5,35,2398,9627,2533,14593,1628,620,2248,16841,0,0,0,0,0,0,0,0,0,0,0,0,0,0,5,0,0,5,5,0,1,0,0,1,1,0,1.02496508395159,0.506329113924051,0,0,1.02496508395159,0.506329113924051
"SUX",2013,"Mississippi",0,May 2013,2013,0.5,281,380.5,12,2516,8841,2460,13829,2812,852,3664,17493,3,2,1,1,0,1,1700.45492401386,2,1,0,0,0,1,1700.45492401386,2,1,1,2,2,5022.8822370871,0,0,0,0,0,0,16.1524241610839,2.71465475721354,19.8901269809995,2.71465475721354,10.5458699312104,0
"SUX",2014,"Mississippi",0,May 2013,2013,1.5,277,874.5,82,2857,8953,2236,14128,3479,625,4104,18232,7,1,0,6,5,0,0,7,1,0,6,5,0,0,7,3,0,7,7,0,6,3,0,6,6,0,1.68232353924904,1.66178203024822,1.26048546834103,1.26048546834103,2.10416161015704,2.12996135247327
"SUX",2015,"Mississippi",0,May 2013,2013,1,233,956.5,65,2580,8840,2388,13873,2305,885,3190,17063,2,0,0,1,0,0,0,2,0,0,1,0,0,0,9,0,0,9,7,0,2,0,0,2,1,0,2.80426091427461,5.73303811158438,10.9678801424259,10.9678801424259,0.990123308018774,0.498196080742886
"SUX",2016,"Mississippi",0,May 2013,2013,1,151,1144,52,3133,8297,2085,13567,1561,698,2259,15826,8,1,0,6,4,1,0,6,1,0,5,4,1,0,13,2,0,13,11,0,7,2,0,7,5,0,1.94223494270113,2.17580350535918,1.47162236979402,0.997650473415808,2.23184267987474,3.18564896131065
"SUX",2017,"Mississippi",0,May 2013,2013,1,229,1591,92,3129,8928,2201,14350,2398,1092,3490,17840,12,1,1,12,12,336,3729.3102528808,10,0,0,10,10,0,0,10,2,1,10,7,308999.459622944,3,2,1,3,3,308999.459622944,4.49686993520756,2.39836038382069,5.12151350714325,1.0882035325966,3.74729764888472,6.76554988790101
"SUX",2018,"Mississippi",0,May 2013,2013,1,218,587.75,157,3270,9147,2320,14894,2314,1103,3417,18311,14,1,1,9,9,0,0,10,0,0,8,8,0,0,10,1,0,10,10,0,3,1,0,3,3,0,4.37238104823907,2.8585013604867,6.1252204836144,2.29599704199366,1.91840583871361,4.73351575546353
"SUX",2019,"Mississippi",0,May 2013,2013,1,229,653.25,71,3725,8777,1942,14515,3215,854,4069,18584,7,0,0,6,5,0,0,7,0,0,6,5,0,0,5,2,0,5,4,0,5,2,0,5,4,0,2.8653315999622,2.8653315999622,0.962093560051677,0.962093560051677,5.52986485583693,5.52986485583693
"SUX",2020,"Mississippi",0,May 2013,2013,1,166,1228,78,1875,5822,2886,10661,2532,1832,4364,15025,8,0,0,8,8,0,0,8,0,0,8,8,0,0,14,1,0,14,12,0,10,1,0,10,8,0,3.64203948495604,3.9211111316762,2.93666272868111,2.93666272868111,4.04511191711315,4.70866985407227
"SUX",2021,"Mississippi",0,May 2013,2013,1.024,138,860,89,2864,8002,2811,13766,2308,1785,4093,17859,42,1,0,38,38,0,0,42,1,0,38,38,0,0,0,0,0,0,0,0,0,0,0,0,0,0,1.21035705837618,1.21035705837618,1.21035705837618,1.21035705837618,0,0
"SWF",2005,"Atlantic",0,Mar 2011,2011,0.038,0,0,3213,17762,39429,4510,64914,35545,3501,39046,103960,0,0,0,0,0,0,0,0,0,0,0,0,0,0,0,0,0,0,0,0,0,0,0,0,0,0,0,0,0,0,0,0
"SWF",2006,"Atlantic",0,Mar 2011,2011,0.04,0,0,2848,14379,31467,4220,52914,26830,3358,30188,83102,0,0,0,0,0,0,0,0,0,0,0,0,0,0,0,0,0,0,0,0,0,0,0,0,0,0,0,0,0,0,0,0
"SWF",2007,"Atlantic",0,Mar 2011,2011,0,0,0,8943,14848,32022,4718,60531,24802,2250,27052,87583,6,2,2,2,2,16,0,3,1,1,1,1,4,0,1,0,0,0,0,0,0,0,0,0,0,0,0,7.11209059224005,16.9583865622384,7.11209059224005,0,0
"SWF",2008,"Atlantic",0,Mar 2011,2011,0.052,31,196.5,7467,11972,27226,4171,50836,21143,1954,23097,73933,10,2,2,6,6,0,0,7,2,2,5,5,0,0,5,4,0,5,3,0,5,4,0,5,3,0,7.7838158456664,9.2070038595024,10.8749677703983,14.6394980475737,1.60151199620256,1.60151199620256
"SWF",2009,"Atlantic",0,Mar 2011,2011,0.279,22,123.333333333333,2839,9958,18772,3525,35094,8769,1006,9775,44869,3,0,0,3,3,0,0,3,0,0,3,3,0,0,6,3,3,6,5,421098.374868726,0,0,0,0,0,0,2.9873672673646,3.36966291455466,3.36966291455466,3.36966291455466,2.79621944376957,0
"SWF",2010,"Atlantic",0,Mar 2011,2011,0.25,81,363.333333333333,3138,9302,20221,3131,35792,9804,935,10739,46531,7,3,1,3,3,24,0,5,3,1,3,3,24,0,8,2,2,8,7,18259.4910090032,1,0,0,1,1,0,8.41211784676007,10.2812572487235,9.85287425083306,12.2570895440878,7.15145599319621,0.402095771902035
"SWF",2011,"Atlantic",0,Mar 2011,2011,0.58,335,1067.33333333333,4227,8988,19741,2718,35674,9528,967,10495,46169,14,4,1,11,9,0,0,10,2,0,9,8,0,0,8,1,1,7,6,5618586.94510958,2,1,1,1,1,5618586.94510958,0,0,6.04824391284321,6.48169930926327,0,0
"SWF",2012,"Atlantic",0,Mar 2011,2011,0.58,370,1216.2,3999,8806,19721,4030,36556,8632,1892,10524,47080,13,2,0,13,13,3,0,12,1,0,12,12,3,0,20,4,0,20,16,0,7,4,0,7,4,0,2.88759238353628,2.92382570774641,1.6253957873327,1.72733745528525,3.70802017106861,4.97494842625125
"SWF",2013,"Atlantic",0,Mar 2011,2011,1.5,314,669.566666666667,3342,7866,19644,3707,34559,10376,2031,12407,46966,10,0,0,8,8,0,0,9,0,0,8,8,0,0,8,1,1,8,7,7950.28079088943,0,0,0,0,0,0,5.23419379554809,7.30462817631355,7.07116708650006,7.30462817631355,2.93797718185813,0
"SWF",2014,"Atlantic",0,Mar 2011,2011,1.75,286,455.166666666667,3287,7901,17617,3676,32481,5436,1542,6978,39459,15,2,0,12,12,1,0,9,1,0,8,8,1,0,14,7,5,14,7,105719.046690391,2,2,1,2,1,32515.8669320971,6.58350029450748,3.67750947920372,2.03535122041874,1.52607989173941,11.4565171596026,13.3589426227931
"SWF",2015,"Atlantic",0,Mar 2011,2011,1,345,562.583333333333,3332,8154,18460,4227,34173,6596,2312,8908,43081,6,0,0,4,4,0,0,3,0,0,3,3,0,0,10,5,2,9,7,47189.9639042547,4,1,1,3,3,27904.614662651,0,0,2.47394988981041,0.632733433876922,0,0
"SWF",2016,"Atlantic",0,Mar 2011,2011,1,673,1220.26666666667,3380,7949,18679,4536,34544,6563,2744,9307,43851,4,1,0,3,3,3,0,4,1,0,3,3,3,0,13,2,0,13,13,0,7,1,0,7,7,0,1.68036464227402,1.69749113377593,1.49870351235611,1.49870351235611,1.73626037455645,1.81108406030155
"SWF",2017,"Atlantic",0,Mar 2011,2011,2.14,447,1279.28333333333,4683,7971,17801,4017,34472,5399,3392,8791,43263,17,0,0,15,14,0,0,15,0,0,15,14,0,0,24,5,1,23,16,274503.339783797,1,1,0,1,1,0,0,3.48984580974223,3.99017861574248,3.55618203073821,0,2.49480249480249
"SWF",2018,"Atlantic",0,Mar 2011,2011,2.1,276,877.083333333333,6320,7387,17534,3524,34765,5430,2834,8264,43029,20,1,0,12,12,24,60675.2966354577,13,0,0,12,12,0,0,13,4,1,13,12,566483.985483557,2,1,1,2,2,566483.985483557,3.72477178541065,3.04530230094444,4.8193857025302,3.34123490083447,2.04075037445749,1.12174040165927
"SWF",2019,"Atlantic",0,Mar 2011,2011,1.96,271,863.15,4647,6656,17154,3682,32139,5093,3006,8099,40238,11,0,0,9,9,0,0,10,0,0,9,9,0,0,7,0,0,7,7,0,0,0,0,0,0,0,2.3525326852334,1.38228169251285,1.70843947302792,1.38228169251285,3.36467916155631,0
"SWF",2020,"Atlantic",0,Mar 2011,2011,1.9072,340,1105.98333333333,2675,3799,11828,2704,21006,5239,2762,8001,29007,11,0,0,10,9,0,0,10,0,0,10,9,0,0,24,8,3,24,18,207711.371482459,2,2,1,2,0,201133.354231997,2.35464865144494,1.45045038590629,0.981756141423733,0.582930027748239,2.98389105187132,5.78805217669654
"SWF",2021,"Atlantic",0,Mar 2011,2011,1.96,139,446.416666666667,2269,3250,15551,2629,23699,5491,2985,8476,32175,9,2,1,7,7,49,0,9,2,1,7,7,49,0,12,2,0,12,10,0,0,0,0,0,0,0,7.22110441821644,11.8209557737873,11.8209557737873,11.8209557737873,3.45758967274937,0
"TUL",2005,"Central",1,NA,NA,NA,NA,NA,33603,31369,39069,14426,118467,20067,15883,35950,154417,19,4,4,10,7,0,0,11,1,1,8,5,0,0,0,0,0,0,0,0,0,0,0,0,0,0,9.42475999513943,6.38192121152736,9.42475999513943,6.38192121152736,0,0
"TUL",2006,"Central",1,NA,NA,NA,NA,NA,34355,32597,36997,9337,113286,13372,12318,25690,138976,26,2,2,19,14,2,0,20,1,1,17,13,2,0,0,0,0,0,0,0,0,0,0,0,0,0,3.6830059524915,3.27629386470505,3.6830059524915,3.27629386470505,0,0
"TUL",2007,"Central",1,NA,NA,NA,NA,NA,32120,37234,34533,9572,113459,14349,11989,26338,139797,44,0,0,33,28,0,0,36,0,0,33,28,0,0,2,2,2,2,2,19698.3727092596,0,0,0,0,0,0,2.82480390029132,1.84982308055435,2.83079215741256,1.84982308055435,2.69306224362404,0
"TUL",2008,"Central",1,NA,NA,NA,NA,NA,29925,36877,28090,10285,105177,10494,12086,22580,127757,16,5,4,7,7,24,1061.68894042877,7,0,0,7,7,0,0,1,0,0,1,1,0,1,0,0,1,1,0,8.03805423582486,0.878810730851096,8.50558132444867,0.924695004137843,0.557620817843866,0.557620817843866
"TUL",2009,"Central",1,NA,NA,NA,NA,NA,27650,29987,24650,9893,92180,12485,11915,24400,116580,25,1,0,12,12,1,0,9,0,0,7,7,0,0,4,2,1,4,4,33958.2636579691,4,2,1,4,4,33958.2636579691,4.66622717889207,1.9951478839689,5.2727568832836,2.49280626509061,0.875416526445044,0.875416526445044
"TUL",2010,"Central",1,NA,NA,NA,NA,NA,30000,26510,24012,10700,91222,8427,11817,20244,111466,6,1,1,3,3,0,0,1,0,0,1,1,0,0,4,1,0,4,3,0,2,1,0,2,1,0,3.16508092213189,1.40438823475578,4.3636495499993,0.402095771902035,1.36722798033078,1.90553446618266
"TUL",2011,"Central",1,NA,NA,NA,NA,NA,31728,23899,23505,9423,88555,7141,10858,17999,106554,10,2,1,8,8,87,7953678.94845577,7,1,1,7,7,85,7953678.94845577,3,3,2,3,3,5723363.39713,2,2,1,2,2,40414.4130108616,10.3169977913852,11.7049510433549,11.2791983501506,15.0153302094448,7.10966259550048,0.118623962040332
"TUL",2012,"Central",1,NA,NA,NA,NA,NA,29302,25129,23678,9601,87710,5404,6766,12170,99880,24,3,3,13,11,1,796.330720395277,8,2,2,7,6,1,796.330720395277,0,0,0,0,0,0,0,0,0,0,0,0,4.62737546560292,5.13154158420172,4.62737546560292,5.13154158420172,0,0
"TUL",2013,"Central",1,NA,NA,NA,NA,NA,27935,24190,22738,8639,83502,4370,7695,12065,95567,33,5,0,19,17,3,14061.4541793454,15,2,0,11,9,1,13734.4436170351,7,3,3,7,6,254304.341928523,6,3,3,6,5,254304.341928523,3.99470516836299,2.01897551791105,4.23482812566578,2.05561223731798,2.86269694107842,1.92738371939375
"TUL",2014,"Central",1,NA,NA,NA,NA,NA,27849,23831,23788,10377,85845,2913,6440,9353,95198,53,7,4,26,26,85,168758.121725967,21,2,1,15,15,0,0,5,1,1,5,5,787.795350848907,2,0,0,2,2,0,4.75168085740642,2.18896307426305,4.01720945574528,2.30427583542939,12.5370777150145,0.978179082016554
"TUL",2015,"Central",1,NA,NA,NA,NA,NA,29855,19470,23789,8690,81804,3661,4974,8635,90439,39,2,1,25,25,45,25713.7989888049,20,0,0,16,16,0,0,6,0,0,6,5,0,1,0,0,1,1,0,4.01117356319241,4.5504009036656,4.32673621841334,4.75260449315268,1.96001630425635,0.506329113924051
"TUL",2016,"Central",1,NA,NA,NA,NA,NA,29385,17406,22769,11933,81493,11498,13055,24553,106046,63,1,0,37,33,0,0,46,1,0,29,28,0,0,5,3,1,5,4,23050.8474576271,1,1,0,1,1,0,4.31525360892324,3.81196101283802,3.77899915847431,3.87635018633716,12.7612612034938,0.850059031877214
"TUL",2017,"Central",1,NA,NA,NA,NA,NA,32395,14776,22920,14610,84701,10924,13584,24508,109209,29,1,0,10,9,2,248.620683525387,6,0,0,3,3,0,0,5,2,2,4,4,28288389.5508207,4,2,2,3,3,28288389.5508207,0,0,4.08190187113179,2.68602722138724,0,0
"TUL",2018,"Central",1,NA,NA,NA,NA,NA,34302,14573,22769,13638,85282,3746,5398,9144,94426,26,2,1,9,8,0,121.350593270915,9,0,0,1,1,0,0,2,2,2,2,2,545100.797443289,0,0,0,0,0,0,5.61518037810917,3.88260153542152,4.88624621668181,3.88260153542152,15.0913244766649,0
"TUL",2019,"Central",1,NA,NA,NA,NA,NA,34711,15633,23584,11897,85825,3394,4308,7702,93527,16,1,0,5,4,0,0,7,1,0,3,3,0,0,5,0,0,5,4,0,1,0,0,1,1,0,5.88075795352701,3.60354577998139,7.33898921126845,3.93194474442289,1.2144179287544,1.30475302889096
"TUL",2020,"Central",1,NA,NA,NA,NA,NA,23761,10410,18855,12781,65807,1384,2271,3655,69462,17,2,0,3,3,2.8,470.867376554171,7,1,0,1,1,2,470.867376554171,4,0,0,4,4,0,3,0,0,3,3,0,3.36877821131342,3.72581501362791,3.70085591860173,4.31101577068482,1.95744795533806,2.36034658049512
"TUL",2021,"Central",1,NA,NA,NA,NA,NA,29042,13944,19841,13194,76021,2834,8166,11000,87021,22,1,1,9,5,0,0,3,0,0,2,1,0,0,2,0,0,2,1,0,0,0,0,0,0,0,4.47666202120591,4.68714395630867,4.74397577946809,4.68714395630867,1.53621068032187,0
